ReferenceID,Country,Product_Code,Product_Name,Subscription_Start_Date,Subscription_Deactivation_Date,Subscription_Duration_Months,Order_Date_Kyiv,Return_Date_Kyiv,Last_Rebill_Date_Kyiv,Has_Chargeback,Has_Refund,Sales_Agent_Name,Source,Campaign_Name,Total_Amount,Discount_Amount,Number_Of_Rebills,Original_Amount,Returned_Amount,Total_Rebill_Amount
GYB220101-1800-27157,US,aq-gyb-support-3-month-plan-lo,Support 3-month Plan,1-1-2022 0:00:00,8-10-2022 0:00:00,1,1-1-2022 22:34:00,,1-9-2022 13:20:00,No,No,Nick,Chat,AQ_9,"149,25","49,75",6,199,,"119,7"
GYB220101-1800-81123,AU,aq-one-time-pc-support,Support One Time PC Support,,,0,1-1-2022 5:22:00,,,No,No,Esmee,Call,AQ_7,"119,19","29,8",,"148,99",,
GYB220102-5490-23160,US,aq-gyb-support-36-month-plan-hi,Support 36-month Plan,2-1-2022 0:00:00,,36,2-1-2022 21:53:00,4-1-2022 12:38:00,,No,Yes,Jackie,Call,AQ_9,684,0,,684,634,
GYB220102-5490-53112,US,aq-gyb-support-single-monthly,Support Single Device Monthly Subscription,2-1-2022 0:00:00,2-2-2022 0:00:00,1,2-1-2022 18:26:00,,,No,No,Clary,Chat,AQ_9,99,0,,99,,
GYB220103-4319-34119,US,gyb-support-24-month-plan-hi,Support 24-month Plan,3-1-2022 0:00:00,,24,3-1-2022 21:31:00,,,No,No,Jackie,Call,BF.Upgrade,"489,6","86,4",,576,,
GYB220103-6977-97158,CA,aq-one-time-pc-support,Support One Time PC Support,,,0,4-1-2022 0:17:00,,,No,No,Jackie,Call,AQ_1,"119,74","29,94",,"149,68",,
GYB220104-2435-90148,US,gyb-support-24-month-plan-hi,Support 24-month Plan,4-1-2022 0:00:00,2-6-2024 0:00:00,24,5-1-2022 1:33:00,,,No,No,Esmee,Call,ByteFence.CTA,576,0,,576,,
GYB220104-2435-91122,CA,aq-one-time-pc-support,Support One Time PC Support,,,0,4-1-2022 23:05:00,,,No,No,Vicky,Call,AQ_3,"148,86",0,,"148,86",,
GYB220104-4319-32105,US,aq-one-time-pc-support,Support One Time PC Support,,,0,4-1-2022 21:53:00,,,No,No,Megan,Chat,AQ_9,149,0,,149,,
GYB220104-5490-77123,US,aq-gyb-support-36-month-plan-hi,Support 36-month Plan,4-1-2022 0:00:00,4-1-2025 0:00:00,36,4-1-2022 18:25:00,,,No,No,Megan,Chat,AQ_9,684,0,,684,,
GYB220104-8715-72118,US,aq-gyb-support-12-month-plan-hi,Support 12-month Plan,4-1-2022 0:00:00,11-1-2023 0:00:00,1,4-1-2022 19:32:00,,,No,No,Vicky,Call,AQ_9,"345,6","86,4",,432,,
GYB220105-4319-74113,CA,aq-one-time-pc-support,Support One Time PC Support,,,0,6-1-2022 1:08:00,,,No,No,Esmee,Call,AQ_1,"97,11","52,29",,"149,4",,
GYB220105-5490-83111,US,aq-one-time-pc-support,Support One Time PC Support,,,0,5-1-2022 7:07:00,,,No,No,Jackie,Call,AQ_9,"126,65","22,35",,149,,
GYB220106-1800-64131,US,aq-gyb-support-single-monthly,Support Single Device Monthly Subscription,6-1-2022 0:00:00,6-2-2022 0:00:00,1,6-1-2022 20:31:00,,,No,No,Esmee,Call,AQ_25,99,0,,99,,
GYB220106-2435-53108,US,aq-one-time-pc-support,Support One Time PC Support,,,0,6-1-2022 3:43:00,,,No,No,,,,"96,85","52,15",,149,,
GYB220106-2435-63145,US,aq-gyb-support-12-month-plan-hi,Support 12-month Plan,6-1-2022 0:00:00,13-1-2022 0:00:00,12,6-1-2022 18:43:00,13-1-2022 3:20:00,,Yes,No,Esmee,Call,AQ_9,432,0,,432,432,
GYB220106-5490-48130,US,aq-gyb-support-single-monthly,Support Single Device Monthly Subscription,6-1-2022 0:00:00,6-2-2022 0:00:00,1,6-1-2022 17:51:00,,,No,No,Esmee,Call,AQ_9,"79,2","19,8",,99,,
GYB220106-8715-51112,CA,aq-one-time-pc-support,Support One Time PC Support,,,0,6-1-2022 21:18:00,,,No,No,Jacob,Call,AQ_1,"149,45",0,,"149,45",,
GYB220107-1511-41116,CA,aq-gyb-support-36-month-plan-hi,Support 36-month Plan,7-1-2022 0:00:00,,36,7-1-2022 20:35:00,,,No,No,Jayce,Call,AQ_9,"683,68",0,,"683,68",,
GYB220107-6604-87123,US,aq-gyb-support-6-month-plan-lo,Support 6-month Plan,7-1-2022 0:00:00,7-6-2022 0:00:00,6,7-1-2022 20:07:00,,,No,No,Rodger,Call,AQ.Upgrade,"174,3","74,7",,249,,
GYB220107-6911-85132,US,aq-gyb-support-12-month-plan-hi,Support 12-month Plan,7-1-2022 0:00:00,,1,7-1-2022 3:36:00,,7-10-2023 13:12:00,No,No,Biby,Chat,AQ_9,432,0,10,432,,"199,5"
GYB220108-4354-86171,CA,aq-gyb-support-12-month-plan-hi,Support 12-month Plan,8-1-2022 0:00:00,,1,9-1-2022 0:39:00,,8-10-2023 12:12:00,No,No,Rodger,Call,AQ_1,"345,57","86,39",10,"431,96",,"192,95"
GYB220108-5542-65141,CA,aq-gyb-support-12-month-plan-hi,Support 12-month Plan,8-1-2022 0:00:00,29-1-2022 0:00:00,12,8-1-2022 17:50:00,29-1-2022 11:51:00,,Yes,No,Rodger,Call,AQ_1,"302,37","129,59",,"431,96","281,07",
GYB220108-6911-16230,US,aq-gyb-support-single-monthly,Support Single Device Monthly Subscription,8-1-2022 0:00:00,8-4-2022 0:00:00,1,9-1-2022 2:47:00,,8-3-2022 11:14:00,No,No,Rodger,Call,AQ_9,99,0,2,99,,"39,9"
GYB220108-6911-25129,GB,aq-one-time-pc-support,Support One Time PC Support,,,0,8-1-2022 19:02:00,,,No,No,Clary,Chat,AQ_9,"149,41",0,,"149,41",,
GYB220108-6911-44171,US,aq-gyb-support-single-monthly,Support Single Device Monthly Subscription,8-1-2022 0:00:00,8-2-2022 0:00:00,1,8-1-2022 19:42:00,,,No,No,Jackie,Call,AQ_25,"49,5","49,5",,99,,
GYB220109-1511-50132,US,aq-gyb-support-3-month-plan-lo,Support 3-month Plan,9-1-2022 0:00:00,9-4-2022 0:00:00,3,9-1-2022 4:56:00,,,No,No,Jayce,Call,AQ_9,199,0,,199,,
GYB220109-4354-44148,US,aq-gyb-support-3-month-plan-lo,Support 3-month Plan,9-1-2022 0:00:00,16-5-2022 0:00:00,1,9-1-2022 13:11:00,,9-4-2022 15:04:00,No,No,Megan,Chat,AQ_9,"159,2","39,8",1,199,,"19,95"
GYB220109-4354-47123,US,aq-gyb-support-3-month-plan-lo,Support 3-month Plan,9-1-2022 0:00:00,,1,9-1-2022 3:13:00,,9-10-2023 12:18:00,No,No,Nick,Call,AQ_25,199,0,19,199,,"379,05"
GYB220109-6604-74116,US,aq-gyb-support-36-month-plan-hi,Support 36-month Plan,9-1-2022 0:00:00,,36,10-1-2022 1:45:00,,,No,No,Rodger,Call,AQ_25,"478,8","205,2",,684,,
GYB220110-4354-47133,US,aq-gyb-support-24-month-plan-hi,Support 24-month Plan,10-1-2022 0:00:00,10-1-2024 0:00:00,24,10-1-2022 19:31:00,,,No,No,Esmee,Call,AQ_25,576,0,,576,,
GYB220110-4354-90170,CA,aq-gyb-support-36-month-plan-hi,Support 36-month Plan,10-1-2022 0:00:00,,36,10-1-2022 21:08:00,,,No,No,Esmee,Call,AQ_1,"684,1",0,,"684,1",,
GYB220110-6604-28126,US,aq-gyb-support-12-month-plan-hi,Support 12-month Plan,10-1-2022 0:00:00,10-1-2023 0:00:00,12,11-1-2022 1:29:00,,,No,No,Vicky,Call,AQ_25,432,0,,432,,
GYB220110-6911-44113,US,aq-gyb-support-36-month-plan-hi,Support 36-month Plan,10-1-2022 0:00:00,,36,10-1-2022 6:42:00,,,No,No,Rodger,Call,AQ_9,"478,8","205,2",,684,,
GYB220110-8954-29129,US,aq-gyb-support-3-month-plan-lo,Support 3-month Plan,10-1-2022 0:00:00,10-4-2022 0:00:00,3,11-1-2022 1:34:00,,,No,No,Rinna,Chat,AQ_9,199,0,,199,,
GYB220111-1511-18147,US,aq-one-time-pc-support,Support One Time PC Support,,,0,11-1-2022 21:24:00,,,No,No,Biby,Chat,AQ_9,149,0,,149,,
GYB220111-1511-84107,US,aq-gyb-support-12-month-plan-hi,Support 12-month Plan,11-1-2022 0:00:00,9-1-2023 0:00:00,12,11-1-2022 3:22:00,12-2-2022 17:17:00,,No,Yes,Jayce,Call,AQ_9,432,0,,432,382,
GYB220111-4354-59122,AU,aq-gyb-support-12-month-plan-hi,Support 12-month Plan,11-1-2022 0:00:00,11-1-2023 0:00:00,12,11-1-2022 12:28:00,,,No,No,Olivia,Chat,AQ_9,"431,6",0,,"431,6",,
GYB220111-5542-38113,US,aq-one-time-pc-support,Support One Time PC Support,,,0,11-1-2022 20:11:00,,,No,No,Jacob,Call,AQ_25,"111,75","37,25",,149,,
GYB220111-6911-88135,US,aq-gyb-support-single-monthly,Support Single Device Monthly Subscription,11-1-2022 0:00:00,11-2-2022 0:00:00,1,12-1-2022 2:25:00,,,No,No,Esmee,Call,AQ_9,"49,5","49,5",,99,,
GYB220112-6604-58114,AU,aq-gyb-support-12-month-plan-hi,Support 12-month Plan,12-1-2022 0:00:00,12-1-2023 0:00:00,12,12-1-2022 7:49:00,,,No,No,Vicky,Call,AQ_7,"367,27","64,81",,"432,08",,
GYB220112-8954-29108,US,aq-one-time-pc-support,Support One Time PC Support,,,0,12-1-2022 4:39:00,,,No,No,Vicky,Call,AQ_25,"119,2","29,8",,149,,
GYB220113-1511-25165,US,aq-one-time-pc-support,Support One Time PC Support,,,0,13-1-2022 19:44:00,,,No,No,Jacob,Call,AQ_9,"111,75","37,25",,149,,
GYB220113-1511-88122,US,aq-gyb-support-24-month-plan-hi,Support 24-month Plan,13-1-2022 0:00:00,,24,13-1-2022 18:07:00,,,No,No,Rodger,Call,AQ_9,576,0,,576,,
GYB220113-5542-30106,US,aq-gyb-support-single-monthly,Support Single Device Monthly Subscription,13-1-2022 0:00:00,13-9-2022 0:00:00,1,14-1-2022 2:26:00,,13-8-2022 14:07:00,No,No,Nick,Call,AQ_9,"79,2","19,8",7,99,,"139,65"
GYB220113-6911-97136,US,aq-gyb-support-36-month-plan-hi,Support 36-month Plan,13-1-2022 0:00:00,13-9-2025 0:00:00,36,13-1-2022 19:53:00,,,No,No,Rodger,Chat,AQ.Upgrade,"478,8","205,2",,684,,
GYB220113-8954-28128,AU,aq-gyb-support-12-month-plan-hi,Support 12-month Plan,13-1-2022 0:00:00,20-1-2023 0:00:00,1,14-1-2022 2:21:00,,,No,No,Isaac,Call,AQ_7,"323,99",108,,"431,99",,
GYB220114-4354-98127,US,aq-gyb-support-36-month-plan-hi,Support 36-month Plan,14-1-2022 0:00:00,,36,15-1-2022 2:39:00,,,No,No,Jackie,Call,AQ_9,684,0,,684,,
GYB220114-5542-89110,US,aq-gyb-support-single-monthly,Support Single Device Monthly Subscription,14-1-2022 0:00:00,,1,14-1-2022 19:53:00,,14-10-2023 13:08:00,No,No,Rodger,Call,AQ_9,99,0,21,99,,"418,95"
GYB220114-6911-61143,US,aq-one-time-pc-support,Support One Time PC Support,,,0,14-1-2022 23:37:00,,,No,No,Rodger,Call,AQ_9,"74,5","74,5",,149,,
GYB220114-8954-36122,US,aq-gyb-support-36-month-plan-hi,Support 36-month Plan,14-1-2022 0:00:00,14-1-2025 0:00:00,36,14-1-2022 19:15:00,,,No,No,Rodger,Call,BF.Upgrade,"478,8","205,2",,684,,
GYB220114-8954-75165,US,aq-gyb-support-single-monthly,Support Single Device Monthly Subscription,14-1-2022 0:00:00,21-5-2022 0:00:00,1,14-1-2022 21:01:00,,14-4-2022 15:16:00,No,No,Nick,Call,AQ_9,99,0,3,99,,"59,85"
GYB220115-1511-83127,US,aq-gyb-support-36-month-plan-hi,Support 36-month Plan,15-1-2022 0:00:00,15-6-2022 0:00:00,36,15-1-2022 22:00:00,15-6-2022 13:52:00,,No,Yes,Jackie,Call,AQ_9,684,0,,684,535,
GYB220115-4354-14130,CA,aq-one-time-pc-support,Support One Time PC Support,,,0,15-1-2022 20:32:00,,,No,No,Jackie,Call,AQ_9,"112,15","37,38",,"149,53",,
GYB220115-5542-13134,US,aq-gyb-support-36-month-plan-hi,Support 36-month Plan,15-1-2022 0:00:00,,36,15-1-2022 19:18:00,,,No,No,,,,684,0,,684,,
GYB220115-6604-51110,CA,aq-one-time-pc-support,Support One Time PC Support,,,0,15-1-2022 23:46:00,,,No,No,Jackie,Call,AQ_1,"97,2","52,34",,"149,54",,
GYB220116-4354-54118,US,gyb-support-24-month-plan-hi,Support 24-month Plan,16-1-2022 0:00:00,16-1-2024 0:00:00,24,16-1-2022 7:00:00,,,No,No,Rodger,Call,BF.Upgrade,"403,2","172,8",,576,,
GYB220116-8954-85139,US,aq-gyb-support-single-monthly,Support Single Device Monthly Subscription,16-1-2022 0:00:00,16-3-2023 0:00:00,1,17-1-2022 2:28:00,,16-2-2023 13:46:00,No,No,Rinna,Chat,AQ_9,99,0,13,99,,"259,35"
GYB220117-1511-42127,AU,aq-gyb-support-single-monthly,Support Single Device Monthly Subscription,17-1-2022 0:00:00,17-2-2022 0:00:00,1,18-1-2022 2:07:00,,,No,No,Esmee,Call,AQ_7,"49,7","49,7",,"99,4",,
GYB220117-2241-26129,US,aq-one-time-pc-support,Support One Time PC Support,,,0,18-1-2022 0:06:00,,,No,No,Vicky,Call,AQ_9,149,0,,149,,
GYB220117-4354-16192,US,aq-one-time-pc-support,Support One Time PC Support,,,0,17-1-2022 23:10:00,,,No,No,Esmee,Call,AQ_25,149,0,,149,,
GYB220117-4354-30158,US,aq-one-time-pc-support,Support One Time PC Support,,,0,17-1-2022 18:36:00,,,No,No,Biby,Chat,AQ_9,149,0,,149,,
GYB220117-5542-74117,US,aq-one-time-pc-support,Support One Time PC Support,,,0,18-1-2022 1:33:00,,,No,No,,,,"104,3","44,7",,149,,
GYB220118-2241-69161,US,aq-gyb-support-12-month-plan-hi,Support 12-month Plan,18-1-2022 0:00:00,18-1-2023 0:00:00,12,18-1-2022 21:56:00,,,No,No,Olivia,Chat,AQ_9,432,0,,432,,
GYB220118-5542-13132,US,aq-one-time-pc-support,Support One Time PC Support,,,0,18-1-2022 17:19:00,,,No,No,Olivia,Chat,AQ_9,"96,85","52,15",,149,,
GYB220118-5922-10128,AU,aq-gyb-support-12-month-plan-hi,Support 12-month Plan,18-1-2022 0:00:00,18-1-2023 0:00:00,12,18-1-2022 4:54:00,,,No,No,Megan,Chat,AQ_9,"432,46",0,,"432,46",,
GYB220119-1100-86144,UA,aq-gyb-support-12-month-plan,Support 12-month plan,19-1-2022 0:00:00,19-1-2023 0:00:00,12,19-1-2022 12:36:00,,,No,No,,,,336,0,,336,,
GYB220119-1511-12112,NZ,aq-gyb-support-12-month-plan-hi,Support 12-month Plan,19-1-2022 0:00:00,19-1-2023 0:00:00,12,19-1-2022 3:27:00,,,No,No,Biby,Chat,AQ_9,"432,12",0,,"432,12",,
GYB220119-5542-34147,US,aq-gyb-support-single-monthly,Support Single Device Monthly Subscription,19-1-2022 0:00:00,19-1-2022 0:00:00,1,19-1-2022 20:44:00,19-1-2022 14:01:00,,No,Yes,Jackie,Call,AQ.Upgrade,99,0,,99,99,
GYB220119-5542-36129,US,aq-gyb-support-single-monthly,Support Single Device Monthly Subscription,19-1-2022 0:00:00,21-7-2022 0:00:00,1,19-1-2022 12:55:00,,21-6-2022 15:03:00,No,No,Clary,Chat,AQ_9,99,0,5,99,,"99,75"
GYB220120-2241-43133,US,aq-gyb-support-multiple-monthly,Support Multiple Device Monthly Subscription,20-1-2022 0:00:00,20-1-2023 0:00:00,1,21-1-2022 2:35:00,,21-12-2022 15:22:00,No,No,Rodger,Call,AQ_9,"49,5","49,5",11,99,,"137,17"
GYB220120-5593-26130,US,aq-gyb-support-24-month-plan-hi,Support 24-month Plan,20-1-2022 0:00:00,20-1-2024 0:00:00,24,20-1-2022 4:00:00,,,No,No,Jacob,Call,AQ_9,"460,8","115,2",,576,,
GYB220120-5593-50153,US,aq-gyb-support-multiple-monthly,Support Multiple Device Monthly Subscription,20-1-2022 0:00:00,20-1-2022 0:00:00,1,20-1-2022 21:33:00,,,No,No,Clary,Chat,AQ_9,99,0,,99,,
GYB220120-6604-72109,CA,aq-gyb-support-12-month-plan-hi,Support 12-month Plan,20-1-2022 0:00:00,23-12-2022 0:00:00,12,21-1-2022 1:25:00,,,No,No,Esmee,Call,AQ_1,"431,7",0,,"431,7",,
GYB220121-2436-93132,US,aq-one-time-pc-support,Support One Time PC Support,,,0,21-1-2022 23:22:00,,,No,No,Rodger,Call,AQ_25,149,0,,149,,
GYB220121-5040-92123,AU,aq-gyb-support-12-month-plan-hi,Support 12-month Plan,21-1-2022 0:00:00,21-1-2023 0:00:00,12,21-1-2022 5:43:00,,,No,No,Nick,Call,AQ_9,"431,85",0,,"431,85",,
GYB220121-6407-70121,US,aq-one-time-pc-support,Support One Time PC Support,,,0,21-1-2022 17:57:00,,,No,No,Vicky,Call,AQ_25,149,0,,149,,
GYB220121-8904-88103,US,aq-one-time-pc-support,Support One Time PC Support,,,0,21-1-2022 14:13:00,,,No,No,Megan,Chat,AQ_9,"104,3","44,7",,149,,
GYB220122-2436-24119,US,aq-gyb-support-36-month-plan-hi,Support 36-month Plan,22-1-2022 0:00:00,,36,22-1-2022 20:44:00,,,No,No,Nick,Call,AQ_9,684,0,,684,,
GYB220122-2436-64171,US,aq-gyb-support-3-month-plan-lo,Support 3-month Plan,22-1-2022 0:00:00,22-4-2022 0:00:00,3,22-1-2022 22:36:00,,,No,No,,,,199,0,,199,,
GYB220122-2436-97159,BM,aq-gyb-support-12-month-plan-hi,Support 12-month Plan,22-1-2022 0:00:00,22-1-2023 0:00:00,12,22-1-2022 21:18:00,,,No,No,Megan,Chat,AQ_9,432,0,,432,,
GYB220122-8769-24151,US,aq-gyb-support-12-month-plan-hi,Support 12-month Plan,22-1-2022 0:00:00,22-2-2022 0:00:00,12,22-1-2022 18:31:00,22-2-2022 12:27:00,,No,Yes,Megan,Chat,AQ_9,324,108,,432,324,
GYB220122-8769-66181,CR,aq-gyb-support-12-month-plan-hi,Support 12-month Plan,22-1-2022 0:00:00,22-1-2023 0:00:00,12,22-1-2022 23:03:00,,,No,No,Nick,Call,AQ_9,324,108,,432,,
GYB220122-8904-42117,GF,aq-gyb-support-3-month-plan-lo,Support 3-month Plan,22-1-2022 0:00:00,29-5-2022 0:00:00,1,22-1-2022 17:38:00,,22-4-2022 14:59:00,No,No,Nick,Call,AQ_9,"159,28","39,82",1,"199,1",,"19,86"
GYB220122-8904-75163,US,aq-gyb-support-3-month-plan-lo,Support 3-month Plan,22-1-2022 0:00:00,20-9-2022 0:00:00,1,23-1-2022 0:37:00,,22-8-2022 12:39:00,No,No,Jackie,Call,AQ_9,199,0,5,199,,"99,75"
GYB220123-2255-93147,US,aq-gyb-support-24-month-plan-hi,Support 24-month Plan,23-1-2022 0:00:00,,24,23-1-2022 23:24:00,,,No,No,Biby,Chat,AQ_9,576,0,,576,,
GYB220123-2436-43128,US,aq-gyb-support-36-month-plan-hi,Support 36-month Plan,23-1-2022 0:00:00,,36,23-1-2022 22:16:00,,,No,No,Biby,Chat,AQ_9,684,0,,684,,
GYB220123-2436-86149,US,gyb-support-36-month-plan-hi,Support 36-month Plan,23-1-2022 0:00:00,23-1-2025 0:00:00,36,23-1-2022 23:01:00,,,No,No,Jackie,Call,BF.Upgrade,"581,4","102,6",,684,,
GYB220123-8769-26121,BS,aq-gyb-support-3-month-plan-lo,Support 3-month Plan,23-1-2022 0:00:00,23-4-2022 0:00:00,3,24-1-2022 2:25:00,,,No,No,Megan,Chat,AQ_9,199,0,,199,,
GYB220124-1295-38123,US,aq-one-time-pc-support,Support One Time PC Support,,,0,24-1-2022 16:58:00,,,No,No,Jayce,Call,AQ_9,149,0,,149,,
GYB220124-2255-50131,AU,aq-gyb-support-36-month-plan-hi,Support 36-month Plan,24-1-2022 0:00:00,27-2-2023 0:00:00,36,24-1-2022 4:36:00,29-3-2022 20:40:00,,No,Yes,Jayce,Call,AQ_7,"683,69",0,,"683,69","478,23",
GYB220124-2436-59151,US,aq-gyb-support-36-month-plan-hi,Support 36-month Plan,24-1-2022 0:00:00,24-1-2025 0:00:00,36,24-1-2022 19:35:00,,,No,No,Jacob,Call,AQ_1,"581,4","102,6",,684,,
GYB220124-5040-40146,US,aq-gyb-support-24-month-plan-hi,Support 24-month Plan,24-1-2022 0:00:00,1-2-2022 0:00:00,24,24-1-2022 22:59:00,1-2-2022 12:13:00,,No,Yes,Jacob,Call,AQ_1,"489,6","86,4",,576,"489,6",
GYB220124-8769-18129,US,aq-gyb-support-12-month-plan-hi,Support 12-month Plan,24-1-2022 0:00:00,31-1-2023 0:00:00,1,24-1-2022 20:19:00,,,No,No,Jayce,Call,AQ_1,432,0,,432,,
GYB220125-2255-67157,CA,aq-one-time-pc-support,Support One Time PC Support,,,0,26-1-2022 1:13:00,,,No,No,Jackie,Call,AQ_1,"111,91","37,3",,"149,21",,
GYB220125-2255-85132,CA,gyb-support-24-month-plan,Support 24-month plan,25-1-2022 0:00:00,25-4-2024 0:00:00,24,25-1-2022 20:04:00,,,No,No,Rodger,Chat,BF.Upgrade,"323,67","107,89",,"431,56",,
GYB220125-2971-41139,US,aq-gyb-support-12-month-plan-hi,Support 12-month Plan,25-1-2022 0:00:00,20-2-2023 0:00:00,1,25-1-2022 16:54:00,,25-1-2023 11:19:00,No,No,Rodger,Call,AQ_9,432,0,1,432,,"19,95"
GYB220125-2971-44183,US,aq-gyb-support-multiple-monthly,Support Multiple Device Monthly Subscription,25-1-2022 0:00:00,25-2-2022 0:00:00,1,25-1-2022 20:50:00,,,No,No,Rodger,Call,AQ_25,99,0,,99,,
GYB220125-2971-78104,US,aq-one-time-pc-support,Support One Time PC Support,,,0,25-1-2022 4:59:00,,,No,No,Biby,Chat,AQ_9,"119,2","29,8",,149,,
GYB220125-2971-84221,US,aq-gyb-support-3-month-plan-lo,Support 3-month Plan,25-1-2022 0:00:00,26-4-2022 0:00:00,1,26-1-2022 1:50:00,,,No,No,Jackie,Call,AQ_5,199,0,,199,,
GYB220125-5040-15140,CA,aq-gyb-support-36-month-plan-hi,Support 36-month Plan,25-1-2022 0:00:00,25-1-2025 0:00:00,36,26-1-2022 0:44:00,,,No,No,Jackie,Call,AQ_9,"683,3",0,,"683,3",,
GYB220125-5040-15140,CA,aq-gyb-support-36-month-plan-hi,Support 36-month Plan,25-1-2022 0:00:00,25-1-2025 0:00:00,36,26-1-2022 0:44:00,,,No,No,Rodger,From Support,AQ.Upgrade,"683,3",0,,"683,3",,
GYB220125-5040-15140,CA,aq-gyb-support-36-month-plan-hi,Support 36-month Plan,25-1-2022 0:00:00,25-1-2025 0:00:00,36,26-1-2022 0:44:00,,,No,No,Rodger,From Support,AQ_9,"683,3",0,,"683,3",,
GYB220125-5040-15170,US,aq-gyb-support-single-monthly,Support Single Device Monthly Subscription,25-1-2022 0:00:00,25-2-2022 0:00:00,1,26-1-2022 1:06:00,,,No,No,Nick,Call,AQ_9,99,0,,99,,
GYB220125-6407-71134,US,aq-gyb-support-12-month-plan-hi,Support 12-month Plan,25-1-2022 0:00:00,1-2-2023 0:00:00,1,25-1-2022 4:24:00,,,No,No,Esmee,Call,AQ_9,432,0,,432,,
GYB220126-2971-96115,US,aq-gyb-support-12-month-plan-hi,Support 12-month Plan,26-1-2022 0:00:00,26-1-2023 0:00:00,12,26-1-2022 17:52:00,,,No,No,Jackie,Call,AQ_9,"367,2","64,8",,432,,
GYB220126-5040-74119,CA,aq-gyb-support-24-month-plan-hi,Support 24-month Plan,26-1-2022 0:00:00,,24,26-1-2022 20:11:00,,,No,No,Rodger,Call,AQ_1,"575,91",0,,"575,91",,
GYB220126-8904-64130,MT,aq-gyb-support-36-month-plan-hi,Support 36-month Plan,26-1-2022 0:00:00,,36,26-1-2022 20:48:00,,,No,No,Clary,Chat,AQ_9,"683,71",0,,"683,71",,
GYB220127-2255-56123,CA,aq-one-time-pc-support,Support One Time PC Support,,,0,27-1-2022 23:18:00,,,No,No,Vicky,Call,AQ_1,"119,41","29,85",,"149,26",,
GYB220127-2436-32115,US,aq-gyb-support-multiple-monthly,Support Multiple Device Monthly Subscription,27-1-2022 0:00:00,27-2-2022 0:00:00,1,27-1-2022 23:38:00,,,No,No,Esmee,Call,AQ_25,"79,2","19,8",,99,,
GYB220127-2971-96120,US,aq-gyb-support-24-month-plan-hi,Support 24-month Plan,27-1-2022 0:00:00,,24,27-1-2022 23:55:00,,,No,No,Rodger,Call,AQ_5,576,0,,576,,
GYB220127-6407-35172,US,aq-one-time-pc-support,Support One Time PC Support,,,0,28-1-2022 2:09:00,,,No,No,Jayce,Call,AQ_9,149,0,,149,,
GYB220127-6407-77118,PG,aq-gyb-support-24-month-plan-hi,Support 24-month Plan,27-1-2022 0:00:00,,24,27-1-2022 3:06:00,,,No,No,Ruby,Chat,AQ_9,576,0,,576,,
GYB220127-8769-14129,US,gyb-support-multiple-monthly,Support Multiple Device Monthly Subscription,27-1-2022 0:00:00,3-4-2022 0:00:00,1,27-1-2022 5:32:00,,27-2-2022 14:01:00,No,No,Esmee,Call,BF.Upgrade,"89,1","9,9",1,99,,"24,95"
GYB220127-8904-71128,US,aq-one-time-pc-support,Support One Time PC Support,,,0,27-1-2022 22:03:00,,,No,No,Esmee,Call,AQ_1,149,0,,149,,
GYB220128-1532-84116,CA,aq-gyb-support-single-monthly,Support Single Device Monthly Subscription,28-1-2022 0:00:00,30-4-2022 0:00:00,1,28-1-2022 23:02:00,,28-4-2022 21:04:00,No,No,Esmee,Call,AQ_1,"99,48",0,3,"99,48",,"61,61"
GYB220128-4242-75153,US,aq-gyb-support-single-monthly,Support Single Device Monthly Subscription,28-1-2022 0:00:00,28-2-2022 0:00:00,1,28-1-2022 19:38:00,,,No,No,Esmee,Call,AQ_9,"79,2","19,8",,99,,
GYB220128-4242-81115,CA,aq-gyb-support-12-month-plan-hi,Support 12-month Plan,28-1-2022 0:00:00,10-3-2022 0:00:00,12,28-1-2022 4:29:00,10-3-2022 4:41:00,,Yes,No,Jackie,Call,AQ_1,"388,54","43,17",,"431,71","358,83",
GYB220128-4977-22128,AU,aq-gyb-support-multiple-monthly,Support Multiple Device Monthly Subscription,28-1-2022 0:00:00,26-8-2023 0:00:00,1,28-1-2022 7:03:00,,26-7-2023 12:41:00,No,No,Rodger,Call,AQ_7,"99,18",0,17,"99,18",,"409,04"
GYB220128-4977-22147,GB,aq-gyb-support-36-month-plan-hi,Support 36-month Plan,28-1-2022 0:00:00,,36,28-1-2022 17:17:00,,,No,No,Megan,Chat,AQ_9,"683,62",0,,"683,62",,
GYB220128-5179-60121,US,aq-gyb-support-single-monthly,Support Single Device Monthly Subscription,28-1-2022 0:00:00,28-2-2022 0:00:00,1,28-1-2022 16:55:00,,,No,No,Esmee,Call,AQ_9,"49,5","49,5",,99,,
GYB220128-8017-69132,US,aq-gyb-support-36-month-plan-hi,Support 36-month Plan,28-1-2022 0:00:00,,36,28-1-2022 23:29:00,,,No,No,Jackie,Call,AQ.Upgrade,"581,4","102,6",,684,,
GYB220128-9233-66122,US,aq-gyb-support-single-monthly,Support Single Device Monthly Subscription,28-1-2022 0:00:00,7-3-2022 0:00:00,1,29-1-2022 1:47:00,,,No,No,Rinna,Chat,AQ_9,99,0,,99,,
GYB220129-1532-19108,US,aq-one-time-pc-support,Support One Time PC Support,,,0,29-1-2022 23:02:00,,,No,No,Biby,Chat,AQ_9,"119,2","29,8",,149,,
GYB220129-3398-72196,US,aq-gyb-support-multiple-monthly,Support Multiple Device Monthly Subscription,29-1-2022 0:00:00,28-2-2022 0:00:00,1,30-1-2022 0:05:00,,,No,No,Vicky,Call,AQ_25,"79,2","19,8",,99,,
GYB220129-3398-77128,CA,aq-one-time-pc-support,Support One Time PC Support,,,0,29-1-2022 3:58:00,,,No,No,Jackie,Call,AQ_1,"74,42","74,42",,"148,84",,
GYB220129-4242-71142,US,aq-gyb-support-single-monthly,Support Single Device Monthly Subscription,29-1-2022 0:00:00,29-1-2022 0:00:00,1,29-1-2022 20:59:00,,,No,No,Nick,Call,AQ_9,99,0,,99,,
GYB220129-5179-98137,US,aq-gyb-support-36-month-plan-hi,Support 36-month Plan,29-1-2022 0:00:00,,36,29-1-2022 17:57:00,,,No,No,Biby,Chat,AQ_9,684,0,,684,,
GYB220129-6501-56125,US,aq-gyb-support-12-month-plan-hi,Support 12-month Plan,29-1-2022 0:00:00,29-1-2023 0:00:00,12,29-1-2022 11:13:00,,,No,No,Olivia,Chat,AQ_9,432,0,,432,,
GYB220129-8017-89112,US,aq-gyb-support-single-monthly,Support Single Device Monthly Subscription,29-1-2022 0:00:00,28-2-2022 0:00:00,1,29-1-2022 20:07:00,,,No,No,Esmee,Call,AQ_25,99,0,,99,,
GYB220130-1532-55139,US,aq-gyb-support-36-month-plan-hi,Support 36-month Plan,30-1-2022 0:00:00,,36,30-1-2022 22:22:00,,,No,No,Nick,Call,AQ_1,684,0,,684,,
GYB220130-4242-21130,US,aq-gyb-support-multiple-monthly,Support Multiple Device Monthly Subscription,30-1-2022 0:00:00,28-2-2022 0:00:00,1,30-1-2022 3:09:00,,,No,No,Vicky,Call,AQ_9,"64,35","34,65",,99,,
GYB220130-4242-61155,US,aq-gyb-support-3-month-plan-lo,Support 3-month Plan,30-1-2022 0:00:00,30-5-2022 0:00:00,1,30-1-2022 20:33:00,,30-4-2022 11:05:00,No,No,Jacob,Call,AQ_1,199,0,1,199,,"19,95"
GYB220130-4977-60113,AU,aq-gyb-support-single-monthly,Support Single Device Monthly Subscription,30-1-2022 0:00:00,28-2-2022 0:00:00,1,30-1-2022 4:19:00,,,No,No,Megan,Chat,AQ_9,"49,48","49,48",,"98,96",,
GYB220130-5179-82114,US,aq-gyb-support-multiple-monthly,Support Multiple Device Monthly Subscription,30-1-2022 0:00:00,28-3-2022 0:00:00,1,30-1-2022 18:57:00,28-3-2022 1:03:00,28-2-2022 13:05:00,Yes,No,Jacob,Call,AQ_9,"64,35","34,65",1,99,"64,35","24,95"
GYB220130-5570-39129,UA,gotyourback-support-6-month-plan,Support 6-month plan,,,0,30-1-2022 16:51:00,30-1-2022 10:51:00,,No,Yes,,,,199,"19,95",,"218,95",199,
GYB220130-5570-61108,UA,aq-gyb-support-12-month-plan,Support 12-month plan,30-1-2022 0:00:00,31-1-2022 0:00:00,12,30-1-2022 16:45:00,31-1-2022 4:14:00,,No,Yes,,,,336,0,,336,336,
GYB220130-8017-82119,US,aq-gyb-support-single-monthly,Support Single Device Monthly Subscription,30-1-2022 0:00:00,4-3-2022 0:00:00,1,31-1-2022 1:53:00,,28-2-2022 13:38:00,No,No,Jacob,Call,AQ_25,"49,5","49,5",1,99,,"9,97"
GYB220130-9233-77128,US,aq-gyb-support-36-month-plan-hi,Support 36-month Plan,30-1-2022 0:00:00,,36,30-1-2022 5:51:00,,,No,No,Vicky,Call,AQ_9,684,0,,684,,
GYB220131-1532-96120,AU,aq-one-time-pc-support,Support One Time PC Support,,,0,31-1-2022 3:37:00,,,No,No,Nick,Chat,AQ_7,"149,28",0,,"149,28",,
GYB220131-3398-96108,CA,aq-gyb-support-12-month-plan-hi,Support 12-month Plan,31-1-2022 0:00:00,,1,1-2-2022 0:54:00,,28-9-2023 11:29:00,No,No,Vicky,Call,AQ_1,"432,23",0,9,"432,23",,"173,7"
GYB220131-4242-33114,US,aq-one-time-pc-support,Support One Time PC Support,,,0,31-1-2022 22:20:00,,,No,No,,,,"119,2","29,8",,149,,
GYB220131-4977-45114,US,gyb-support-24-month-plan-hi,Support 24-month Plan,31-1-2022 0:00:00,,24,31-1-2022 22:53:00,,,No,No,Rodger,Call,BF.Upgrade,"460,8","115,2",,576,,
GYB220131-5570-18414,UA,aq-gyb-support-12-month-plan,Support 12-month plan,31-1-2022 0:00:00,26-1-2023 0:00:00,12,31-1-2022 13:43:00,,,No,No,,,,336,0,,336,,
GYB220131-5570-23200,UA,aq-gyb-support-12-month-plan,Support 12-month plan,31-1-2022 0:00:00,31-1-2022 0:00:00,12,31-1-2022 11:27:00,31-1-2022 4:29:00,,No,Yes,,,,336,0,,336,336,
GYB220131-5570-24501,UA,aq-gyb-support-12-month-plan,Support 12-month plan,31-1-2022 0:00:00,26-1-2023 0:00:00,12,31-1-2022 16:18:00,,,No,No,,,,336,0,,336,,
GYB220131-5570-25301,UA,aq-gyb-support-12-month-plan,Support 12-month plan,31-1-2022 0:00:00,31-1-2022 0:00:00,12,31-1-2022 11:40:00,31-1-2022 4:42:00,,No,Yes,,,,336,0,,336,336,
GYB220131-5570-27160,UA,aq-gyb-support-12-month-plan,Support 12-month plan,31-1-2022 0:00:00,31-1-2022 0:00:00,12,31-1-2022 11:19:00,31-1-2022 4:23:00,,No,Yes,,,,336,0,,336,336,
GYB220131-5570-28333,UA,aq-gyb-support-12-month-plan,Support 12-month plan,31-1-2022 0:00:00,31-1-2022 0:00:00,12,31-1-2022 12:16:00,31-1-2022 5:17:00,,No,Yes,,,,336,0,,336,336,
GYB220131-5570-31724,UA,aq-gyb-support-12-month-plan,Support 12-month plan,31-1-2022 0:00:00,26-1-2023 0:00:00,12,31-1-2022 17:54:00,,,No,No,,,,336,0,,336,,
GYB220131-5570-37532,UA,aq-gyb-support-12-month-plan,Support 12-month plan,31-1-2022 0:00:00,,12,31-1-2022 16:25:00,,,No,No,,,,336,0,,336,,
GYB220131-5570-38250,UA,aq-gyb-support-12-month-plan,Support 12-month plan,31-1-2022 0:00:00,31-1-2022 0:00:00,12,31-1-2022 11:35:00,31-1-2022 4:37:00,,No,Yes,,,,336,0,,336,336,
GYB220131-5570-42756,UA,gotyourback-support-6-month-plan,Support 6-month plan,,,0,31-1-2022 18:50:00,,,No,No,,,,199,"19,95",,"218,95",,
GYB220131-5570-44764,UA,gotyourback-support-12-month-plan,Support 12-month plan,,,0,31-1-2022 23:39:00,,,No,No,,,,299,"19,95",,"318,95",,
GYB220131-5570-47128,UA,aq-gyb-support-12-month-plan,Support 12-month plan,31-1-2022 0:00:00,31-1-2022 0:00:00,12,31-1-2022 10:29:00,31-1-2022 3:36:00,,No,Yes,,,,336,0,,336,336,
GYB220131-5570-49641,UA,aq-gyb-support-12-month-plan,Support 12-month plan,31-1-2022 0:00:00,26-1-2023 0:00:00,12,31-1-2022 16:52:00,,,No,No,,,,336,0,,336,,
GYB220131-5570-52583,UA,aq-gyb-support-12-month-plan,Support 12-month plan,31-1-2022 0:00:00,26-1-2023 0:00:00,12,31-1-2022 16:41:00,,,No,No,,,,336,0,,336,,
GYB220131-5570-59368,UA,aq-gyb-support-12-month-plan,Support 12-month plan,31-1-2022 0:00:00,26-1-2023 0:00:00,12,31-1-2022 13:34:00,,,No,No,,,,336,0,,336,,
GYB220131-5570-69446,UA,aq-gyb-support-12-month-plan,Support 12-month plan,31-1-2022 0:00:00,26-1-2023 0:00:00,12,31-1-2022 13:49:00,,,No,No,,,,336,0,,336,,
GYB220131-5570-73666,UA,aq-gyb-support-12-month-plan,Support 12-month plan,31-1-2022 0:00:00,26-1-2023 0:00:00,12,31-1-2022 16:57:00,,,No,No,,,,336,0,,336,,
GYB220131-5570-77615,UA,aq-gyb-support-12-month-plan,Support 12-month plan,31-1-2022 0:00:00,26-1-2023 0:00:00,12,31-1-2022 16:44:00,,,No,No,,,,336,0,,336,,
GYB220131-5570-86457,UA,aq-gyb-support-12-month-plan,Support 12-month plan,31-1-2022 0:00:00,26-1-2023 0:00:00,12,31-1-2022 16:01:00,,,No,No,,,,336,0,,336,,
GYB220131-5570-87556,UA,aq-gyb-support-12-month-plan,Support 12-month plan,31-1-2022 0:00:00,26-1-2023 0:00:00,12,31-1-2022 16:33:00,,,No,No,,,,336,0,,336,,
GYB220131-5570-94231,UA,aq-gyb-support-12-month-plan,Support 12-month plan,31-1-2022 0:00:00,31-1-2022 0:00:00,12,31-1-2022 11:30:00,31-1-2022 4:33:00,,No,Yes,,,,336,0,,336,336,
GYB220131-5570-94688,UA,aq-gyb-support-12-month-plan,Support 12-month plan,31-1-2022 0:00:00,26-1-2023 0:00:00,12,31-1-2022 17:00:00,,,No,No,,,,336,0,,336,,
GYB220131-9233-32125,US,aq-gyb-support-36-month-plan-hi,Support 36-month Plan,31-1-2022 0:00:00,,36,31-1-2022 5:51:00,,,No,No,Esmee,Call,AQ_9,684,0,,684,,
GYB220131-9233-33175,US,aq-gyb-support-6-month-plan-lo,Support 6-month Plan,31-1-2022 0:00:00,7-8-2022 0:00:00,1,1-2-2022 0:36:00,,,No,No,Jacob,Call,AQ_25,"199,2","49,8",,249,,
GYB220201-4242-44123,US,gyb-support-36-month-plan-hi,Support 36-month Plan,1-2-2022 0:00:00,1-2-2025 0:00:00,36,1-2-2022 23:14:00,,,No,No,Esmee,Call,BF.Upgrade,684,0,,684,,
GYB220201-5570-22118,UA,aq-gyb-support-12-month-plan,Support 12-month plan,1-2-2022 0:00:00,,1,1-2-2022 17:09:00,,8-3-2022 19:19:00,No,No,,,,336,0,2,336,,"39,9"
GYB220202-1532-21125,US,aq-gyb-support-single-monthly,Support Single Device Monthly Subscription,2-2-2022 0:00:00,9-2-2023 0:00:00,1,2-2-2022 22:36:00,,3-1-2023 20:04:00,No,No,Vicky,Call,AQ_9,"49,5","49,5",11,99,,"109,67"
GYB220202-1532-71174,US,aq-gyb-support-12-month-plan-hi,Support 12-month Plan,2-2-2022 0:00:00,2-2-2023 0:00:00,12,3-2-2022 0:38:00,,,No,No,Megan,Chat,AQ_9,432,0,,432,,
GYB220202-3398-32117,US,aq-gyb-support-24-month-plan,Support 24-month plan,2-2-2022 0:00:00,2-2-2024 0:00:00,24,3-2-2022 2:56:00,,,No,No,Rodger,Call,AQ.Upgrade,432,0,,432,,
GYB220202-5179-53105,US,aq-one-time-pc-support,Support One Time PC Support,,,0,2-2-2022 3:48:00,,,No,No,,,,"119,2","29,8",,149,,
GYB220202-9233-91123,AU,aq-gyb-support-single-monthly,Support Single Device Monthly Subscription,2-2-2022 0:00:00,2-3-2022 0:00:00,1,3-2-2022 2:45:00,,,No,No,Esmee,Call,AQ_7,"49,47","49,47",,"98,94",,
GYB220203-4977-81116,US,gyb-support-36-month-plan-hi,Support 36-month Plan,3-2-2022 0:00:00,,36,4-2-2022 1:46:00,,,No,No,Rodger,Call,BF.Upgrade,"478,8","205,2",,684,,
GYB220203-6501-17170,US,aq-one-time-pc-support,Support One Time PC Support,,,0,4-2-2022 2:35:00,,,No,No,Rinna,Chat,AQ_9,149,0,,149,,
GYB220203-6501-56143,US,aq-one-time-pc-support,Support One Time PC Support,,,0,3-2-2022 21:32:00,,,No,No,Jacob,Call,AQ_9,"74,5","74,5",,149,,
GYB220203-6501-77116,AU,aq-gyb-support-single-monthly,Support Single Device Monthly Subscription,3-2-2022 0:00:00,3-3-2022 0:00:00,1,3-2-2022 3:37:00,,,No,No,Esmee,Call,AQ_7,"64,31","34,63",,"98,94",,
GYB220203-8017-20116,AU,gyb-support-12-month-plan,Support 12-month plan,3-2-2022 0:00:00,,1,3-2-2022 20:43:00,,3-10-2023 11:04:00,No,No,Esmee,Call,AQ.Upgrade,"336,25",0,9,"336,25",,"168,08"
GYB220203-9233-51120,GB,aq-one-time-pc-support,Support One Time PC Support,,,0,3-2-2022 15:01:00,,,No,No,Biby,Chat,AQ_9,"149,31",0,,"149,31",,
GYB220204-3398-78138,CA,aq-gyb-support-36-month-plan-hi,Support 36-month Plan,4-2-2022 0:00:00,,36,4-2-2022 19:50:00,,,No,No,Esmee,Call,AQ_1,"683,97",0,,"683,97",,
GYB220204-3398-79166,US,aq-gyb-support-3-month-plan-lo,Support 3-month Plan,4-2-2022 0:00:00,10-1-2023 0:00:00,1,5-2-2022 0:03:00,,4-1-2023 11:03:00,No,No,Esmee,Call,AQ_9,199,0,9,199,,"179,55"
GYB220204-5179-13139,US,aq-gyb-support-single-monthly,Support Single Device Monthly Subscription,4-2-2022 0:00:00,4-4-2022 0:00:00,1,4-2-2022 17:36:00,,4-3-2022 12:07:00,No,No,Jacob,Call,AQ_9,99,0,1,99,,"19,95"
GYB220204-5179-79108,US,gyb-support-6-month-plan-lo,Support 6-month Plan,4-2-2022 0:00:00,2-11-2022 0:00:00,1,4-2-2022 3:29:00,,4-10-2022 13:48:00,No,No,Rodger,From Support,BF.Upgrade,"211,65","37,35",3,249,,"59,85"
GYB220204-6501-40120,US,aq-gyb-support-single-monthly,Support Single Device Monthly Subscription,4-2-2022 0:00:00,4-2-2022 0:00:00,1,4-2-2022 4:27:00,4-2-2022 15:28:00,,No,Yes,Rodger,Call,AQ_9,"49,5","49,5",,99,"49,5",
GYB220204-8017-76129,CA,aq-gyb-support-12-month-plan-hi,Support 12-month Plan,4-2-2022 0:00:00,1-3-2022 0:00:00,12,4-2-2022 3:59:00,1-3-2022 12:30:00,,No,Yes,Rinna,Chat,AQ_9,"432,28",0,,"432,28","401,53",
GYB220205-1532-40144,US,aq-one-time-pc-support,Support One Time PC Support,,,0,5-2-2022 19:10:00,,,No,No,Jacob,Call,AQ_9,149,0,,149,,
GYB220205-1532-89107,US,aq-gyb-support-36-month-plan-hi,Support 36-month Plan,5-2-2022 0:00:00,15-12-2022 0:00:00,36,5-2-2022 3:25:00,,,No,No,Megan,From Support,AQ.Upgrade,513,171,,684,,
GYB220205-4977-12146,US,aq-gyb-support-single-monthly,Support Single Device Monthly Subscription,5-2-2022 0:00:00,5-3-2022 0:00:00,1,6-2-2022 2:37:00,,,No,No,Esmee,Call,AQ_9,"49,5","49,5",,99,,
GYB220205-6501-14156,US,aq-gyb-support-3-month-plan-lo,Support 3-month Plan,5-2-2022 0:00:00,12-4-2023 0:00:00,1,5-2-2022 6:00:00,,5-3-2023 14:20:00,No,No,Vicky,Call,AQ_9,199,0,11,199,,"219,45"
GYB220205-6501-27168,US,aq-gyb-support-12-month-plan-hi,Support 12-month Plan,5-2-2022 0:00:00,5-2-2023 0:00:00,12,5-2-2022 15:21:00,,,No,No,,,,432,0,,432,,
GYB220205-9233-32114,US,aq-gyb-support-multiple-monthly,Support Multiple Device Monthly Subscription,5-2-2022 0:00:00,5-3-2022 0:00:00,1,6-2-2022 1:16:00,,,No,No,Esmee,Call,AQ_9,"49,5","49,5",,99,,
GYB220206-8017-49132,AU,aq-gyb-support-36-month-plan-hi,Support 36-month Plan,6-2-2022 0:00:00,23-2-2022 0:00:00,36,6-2-2022 6:42:00,23-2-2022 19:54:00,,No,Yes,Esmee,Call,AQ_7,"683,47",0,,"683,47","480,66",
GYB220206-9233-36137,US,aq-gyb-support-36-month-plan-hi,Support 36-month Plan,6-2-2022 0:00:00,,36,6-2-2022 23:58:00,29-4-2022 9:17:00,,No,Yes,Nick,Call,AQ_9,684,0,,684,535,
GYB220206-9233-87112,CA,gyb-support-36-month-plan-hi,Support 36-month Plan,6-2-2022 0:00:00,,36,6-2-2022 17:42:00,,,No,No,Rodger,Call,BF.Upgrade,"580,95","102,52",,"683,47",,
GYB220207-3398-46122,US,aq-gyb-support-36-month-plan-hi,Support 36-month Plan,7-2-2022 0:00:00,,36,7-2-2022 23:34:00,,,No,No,Jules,Chat,AQ_9,684,0,,684,,
GYB220207-4977-14110,US,aq-gyb-support-single-monthly,Support Single Device Monthly Subscription,7-2-2022 0:00:00,7-3-2022 0:00:00,1,7-2-2022 4:26:00,,,No,No,Jacob,Call,AQ_9,"49,5","49,5",,99,,
GYB220207-6501-53148,US,aq-gyb-support-multiple-monthly,Support Multiple Device Monthly Subscription,7-2-2022 0:00:00,,1,8-2-2022 2:54:00,,7-10-2023 14:05:00,No,No,,,,99,0,20,99,,499
GYB220207-8017-38112,US,aq-gyb-support-single-monthly,Support Single Device Monthly Subscription,7-2-2022 0:00:00,7-3-2022 0:00:00,1,7-2-2022 21:58:00,,,No,No,Esmee,Call,AQ_9,"49,5","49,5",,99,,
GYB220208-1532-60120,US,aq-gyb-support-single-monthly,Support Single Device Monthly Subscription,8-2-2022 0:00:00,8-3-2022 0:00:00,1,8-2-2022 18:59:00,,,No,No,Esmee,Call,AQ_9,"64,35","34,65",,99,,
GYB220208-1532-96132,US,aq-gyb-support-6-month-plan-hi,Support 6-month Plan,8-2-2022 0:00:00,15-8-2022 0:00:00,1,8-2-2022 20:26:00,,,No,No,Rinna,Chat,AQ_9,336,0,,336,,
GYB220208-4977-27132,US,aq-gyb-support-multiple-monthly,Support Multiple Device Monthly Subscription,8-2-2022 0:00:00,8-3-2022 0:00:00,1,8-2-2022 21:25:00,,,No,No,Esmee,Call,AQ_25,"64,35","34,65",,99,,
GYB220208-5179-29145,US,aq-gyb-support-single-monthly,Support Single Device Monthly Subscription,8-2-2022 0:00:00,8-3-2022 0:00:00,1,8-2-2022 22:22:00,,,No,No,Rinna,Chat,AQ_9,99,0,,99,,
GYB220208-5179-48103,US,aq-gyb-support-3-month-plan-lo,Support 3-month Plan,8-2-2022 0:00:00,8-5-2022 0:00:00,3,8-2-2022 10:20:00,,,No,No,Megan,Call,AQ_9,"179,1","19,9",,199,,
GYB220208-9233-27117,US,aq-gyb-support-3-month-plan-lo,Support 3-month Plan,8-2-2022 0:00:00,15-10-2023 0:00:00,1,8-2-2022 20:33:00,,10-9-2023 16:32:00,No,No,Esmee,Call,AQ_9,"139,3","59,7",17,199,,"339,15"
GYB220209-5179-18117,US,gyb-support-36-month-plan-hi,Support 36-month Plan,9-2-2022 0:00:00,9-2-2022 0:00:00,36,9-2-2022 4:59:00,9-2-2022 14:47:00,,No,Yes,Rodger,From Support,BF.Upgrade,684,0,,684,684,
GYB220209-6501-27122,CA,aq-one-time-pc-support,Support One Time PC Support,,,0,9-2-2022 21:41:00,,,No,No,Megan,Chat,AQ_9,"111,74","37,25",,"148,99",,
GYB220209-8017-14101,US,aq-gyb-support-6-month-plan-lo,Support 6-month Plan,9-2-2022 0:00:00,16-10-2023 0:00:00,1,9-2-2022 4:19:00,,9-9-2023 11:19:00,No,No,Jules,Chat,AQ_9,"199,2","49,8",14,249,,"279,3"
GYB220209-8017-43125,CA,aq-gyb-support-24-month-plan-hi,Support 24-month Plan,9-2-2022 0:00:00,14-3-2022 0:00:00,24,9-2-2022 5:22:00,14-3-2022 12:05:00,,Yes,No,Rodger,Call,AQ_9,"460,43","115,11",,"575,54","428,67",
GYB220209-9233-48119,US,gyb-support-36-month-plan-hi,Support 36-month Plan,9-2-2022 0:00:00,,36,9-2-2022 4:42:00,,,No,No,Rodger,From Support,BF.Upgrade,"478,8","205,2",,684,,
GYB220210-1230-62119,CA,aq-gyb-support-6-month-plan-hi,Support 6-month Plan,10-2-2022 0:00:00,10-8-2022 0:00:00,6,11-2-2022 0:48:00,,,No,No,Jayce,Call,AQ_1,"268,95","67,24",,"336,19",,
GYB220210-1469-55133,US,aq-gyb-support-single-monthly,Support Single Device Monthly Subscription,10-2-2022 0:00:00,10-7-2023 0:00:00,1,11-2-2022 0:45:00,,10-6-2023 12:01:00,No,No,Vicky,Call,AQ_9,"64,35","34,65",16,99,,"319,2"
GYB220210-1469-74113,US,aq-gyb-support-24-month-plan-hi,Support 24-month Plan,10-2-2022 0:00:00,12-5-2022 0:00:00,24,10-2-2022 22:37:00,,,No,No,Olivia,Chat,AQ_9,"460,8","115,2",,576,,
GYB220210-1833-24119,US,aq-one-time-pc-support,Support One Time PC Support,,,0,10-2-2022 18:36:00,,,No,No,Esmee,Call,AQ_1,"74,5","74,5",,149,,
GYB220210-2092-53113,AU,aq-one-time-pc-support,Support One Time PC Support,,,0,10-2-2022 15:48:00,,,No,No,Biby,Chat,AQ_9,"149,11",0,,"149,11",,
GYB220210-2756-95124,US,aq-gyb-support-36-month-plan-hi,Support 36-month Plan,10-2-2022 0:00:00,10-2-2025 0:00:00,36,10-2-2022 6:21:00,,,No,No,Nick,Call,AQ_9,684,0,,684,,
GYB220210-3843-19147,US,aq-one-time-pc-support,Support One Time PC Support,,,0,10-2-2022 23:05:00,,,No,No,Olivia,Chat,AQ_9,149,0,,149,,
GYB220210-4943-65122,US,aq-one-time-pc-support,Support One Time PC Support,,,0,10-2-2022 18:52:00,,,No,No,Olivia,Chat,AQ_9,"119,2","29,8",,149,,
GYB220210-5240-20112,US,aq-one-time-pc-support,Support One Time PC Support,,,0,10-2-2022 23:54:00,,,No,No,Esmee,Call,AQ_9,149,0,,149,,
GYB220211-1469-20108,MT,aq-gyb-support-single-monthly,Support Single Device Monthly Subscription,11-2-2022 0:00:00,18-8-2022 0:00:00,1,11-2-2022 3:34:00,,11-7-2022 12:49:00,No,No,Megan,Chat,AQ_9,"99,07",0,5,"99,07",,"95,53"
GYB220211-1469-33138,AU,aq-gyb-support-36-month-plan-hi,Support 36-month Plan,11-2-2022 0:00:00,,36,11-2-2022 5:10:00,,,No,No,Vicky,Call,AQ_7,"683,91",0,,"683,91",,
GYB220211-1469-65159,US,aq-gyb-support-36-month-plan-hi,Support 36-month Plan,11-2-2022 0:00:00,5-3-2022 0:00:00,36,11-2-2022 19:59:00,4-3-2022 20:01:00,,Yes,No,Nick,Call,AQ_25,684,0,,684,684,
GYB220211-1469-74188,US,aq-gyb-support-3-month-plan-lo,Support 3-month Plan,11-2-2022 0:00:00,11-5-2022 0:00:00,3,11-2-2022 20:09:00,,,No,No,Jacob,Call,AQ_9,"149,25","49,75",,199,,
GYB220211-1596-53140,CA,aq-gyb-support-24-month-plan-hi,Support 24-month Plan,11-2-2022 0:00:00,,24,12-2-2022 2:27:00,,,No,No,Esmee,Call,AQ_1,576,0,,576,,
GYB220211-1596-92116,US,aq-one-time-pc-support,Support One Time PC Support,,,0,12-2-2022 0:16:00,,,No,No,Biby,Chat,AQ_9,149,0,,149,,
GYB220211-3843-60119,US,aq-gyb-support-single-monthly,Support Single Device Monthly Subscription,11-2-2022 0:00:00,11-3-2022 0:00:00,1,11-2-2022 19:07:00,,,No,No,Jacob,Call,AQ_5,"74,25","24,75",,99,,
GYB220211-3843-87152,US,aq-gyb-support-3-month-plan-lo,Support 3-month Plan,11-2-2022 0:00:00,3-5-2022 0:00:00,3,11-2-2022 22:36:00,,,No,No,Rodger,Call,AQ_9,"159,2","39,8",,199,,
GYB220211-5240-78127,US,aq-gyb-support-24-month-plan-hi,Support 24-month Plan,11-2-2022 0:00:00,11-2-2024 0:00:00,24,11-2-2022 3:01:00,21-3-2022 11:12:00,,No,Yes,Megan,Chat,AQ_9,576,0,,576,426,
GYB220211-6036-80122,US,aq-gyb-support-36-month-plan-hi,Support 36-month Plan,11-2-2022 0:00:00,,36,12-2-2022 0:20:00,,,No,No,Esmee,Call,AQ_1,"581,4","102,6",,684,,
GYB220212-1230-50107,US,aq-gyb-support-single-monthly,Support Single Device Monthly Subscription,12-2-2022 0:00:00,12-3-2022 0:00:00,1,12-2-2022 7:43:00,,,No,No,Esmee,Call,AQ_9,"49,5","49,5",,99,,
GYB220212-1469-14155,US,aq-gyb-support-single-monthly,Support Single Device Monthly Subscription,12-2-2022 0:00:00,19-3-2022 0:00:00,1,13-2-2022 1:04:00,,,No,No,Jacob,Call,AQ_1,"74,25","24,75",,99,,
GYB220212-4018-20134,IL,aq-gyb-support-single-monthly,Support Single Device Monthly Subscription,12-2-2022 0:00:00,12-3-2022 0:00:00,1,12-2-2022 17:48:00,,,No,No,Clary,Chat,AQ_9,99,0,,99,,
GYB220212-4018-47111,US,aq-gyb-support-12-month-plan-hi,Support 12-month Plan,12-2-2022 0:00:00,12-2-2023 0:00:00,12,12-2-2022 3:45:00,,,No,No,Rodger,Call,AQ_9,"302,4","129,6",,432,,
GYB220212-5240-72122,US,aq-gyb-support-12-month-plan-hi,Support 12-month Plan,12-2-2022 0:00:00,19-2-2023 0:00:00,1,12-2-2022 5:22:00,,,No,No,Esmee,Call,AQ_9,324,108,,432,,
GYB220212-7843-23149,US,aq-gyb-support-6-month-plan-lo,Support 6-month Plan,12-2-2022 0:00:00,19-11-2022 0:00:00,1,12-2-2022 22:27:00,,12-10-2022 12:06:00,No,No,Esmee,Call,AQ_9,249,0,3,249,,"59,85"
GYB220212-7843-92119,US,aq-one-time-pc-support,Support One Time PC Support,,,0,12-2-2022 8:24:00,,,No,No,Biby,Chat,AQ_9,149,0,,149,,
GYB220213-1230-82119,CA,aq-gyb-support-single-monthly,Support Single Device Monthly Subscription,13-2-2022 0:00:00,13-3-2022 0:00:00,1,13-2-2022 21:16:00,,,No,No,Jackie,Call,AQ_1,"99,28",0,,"99,28",,
GYB220213-1469-14128,US,aq-gyb-support-12-month-plan-hi,Support 12-month Plan,13-2-2022 0:00:00,13-2-2023 0:00:00,12,13-2-2022 16:57:00,,,No,No,Jules,Chat,AQ_9,432,0,,432,,
GYB220213-1596-48133,US,aq-gyb-support-24-month-plan-hi,Support 24-month Plan,13-2-2022 0:00:00,,24,13-2-2022 22:34:00,,,No,No,Rodger,Call,AQ_9,576,0,,576,,
GYB220213-3843-45125,US,aq-gyb-support-36-month-plan-hi,Support 36-month Plan,13-2-2022 0:00:00,,36,14-2-2022 1:10:00,,,No,No,Olivia,Chat,AQ_9,684,0,,684,,
GYB220213-5240-26132,US,aq-gyb-support-single-monthly,Support Single Device Monthly Subscription,13-2-2022 0:00:00,14-2-2022 0:00:00,1,13-2-2022 3:46:00,14-2-2022 14:39:00,,No,Yes,Esmee,Call,AQ_9,"64,35","34,65",,99,"64,35",
GYB220213-6036-64129,US,aq-one-time-pc-support,Support One Time PC Support,,,0,13-2-2022 19:05:00,,,No,No,Esmee,Call,AQ_9,"74,5","74,5",,149,,
GYB220214-1469-52121,US,aq-one-time-pc-support,Support One Time PC Support,,,0,15-2-2022 1:18:00,,,No,No,Jules,Chat,AQ_9,149,0,,149,,
GYB220214-1469-56156,CA,aq-gyb-support-single-monthly,Support Single Device Monthly Subscription,14-2-2022 0:00:00,14-3-2022 0:00:00,1,15-2-2022 1:22:00,,,No,No,Jackie,Call,AQ_1,"49,64","49,64",,"99,28",,
GYB220214-6036-21125,US,aq-gyb-support-36-month-plan-hi,Support 36-month Plan,14-2-2022 0:00:00,,36,14-2-2022 18:38:00,,,No,No,Jackie,Call,AQ_9,684,0,,684,,
GYB220214-6036-72107,US,aq-one-time-pc-support,Support One Time PC Support,,,0,14-2-2022 16:59:00,,,No,No,,,,"96,85","52,15",,149,,
GYB220215-1469-62125,US,aq-gyb-support-24-month-plan-hi,Support 24-month Plan,15-2-2022 0:00:00,,24,15-2-2022 22:28:00,7-4-2022 11:08:00,,No,Yes,Vicky,Call,AQ_9,576,0,,576,300,
GYB220215-1596-15110,US,aq-gyb-support-36-month-plan-hi,Support 36-month Plan,15-2-2022 0:00:00,24-2-2022 0:00:00,36,15-2-2022 20:03:00,24-2-2022 8:02:00,,Yes,No,Jayce,Call,AQ_9,684,0,,684,684,
GYB220215-5240-75172,US,aq-one-time-pc-support,Support One Time PC Support,,,0,16-2-2022 1:22:00,,,No,No,Rinna,Chat,AQ_9,149,0,,149,,
GYB220215-5240-93129,CA,aq-gyb-support-single-monthly,Support Single Device Monthly Subscription,15-2-2022 0:00:00,4-5-2022 0:00:00,1,16-2-2022 0:42:00,,15-4-2022 11:27:00,No,No,Jackie,Call,AQ_1,"49,61","49,61",2,"99,22",,"20,51"
GYB220216-3843-67122,US,aq-one-time-pc-support,Support One Time PC Support,,,0,16-2-2022 21:07:00,,,No,No,Esmee,Call,AQ_25,"96,85","52,15",,149,,
GYB220216-4018-97119,GB,aq-gyb-support-36-month-plan-hi,Support 36-month Plan,16-2-2022 0:00:00,,36,16-2-2022 19:26:00,,,No,No,Biby,Chat,AQ_9,"683,77",0,,"683,77",,
GYB220216-9780-48120,AU,aq-gyb-support-36-month-plan-hi,Support 36-month Plan,16-2-2022 0:00:00,,36,16-2-2022 4:34:00,,,No,No,Jackie,Call,AQ_7,"683,38",0,,"683,38",,
GYB220217-1324-28136,US,aq-gyb-support-3-month-plan-lo,Support 3-month Plan,17-2-2022 0:00:00,17-6-2022 0:00:00,1,17-2-2022 21:38:00,,17-5-2022 11:06:00,No,No,Rodger,Call,AQ_9,"139,3","59,7",1,199,,"19,95"
GYB220217-1324-81112,US,aq-gyb-support-12-month-plan-hi,Support 12-month Plan,17-2-2022 0:00:00,28-2-2022 0:00:00,12,17-2-2022 19:34:00,28-2-2022 13:32:00,,No,Yes,Olivia,Chat,AQ_9,432,0,,432,300,
GYB220217-1791-56133,CA,aq-gyb-support-24-month-plan-hi,Support 24-month Plan,17-2-2022 0:00:00,10-8-2022 0:00:00,24,17-2-2022 5:23:00,,,No,No,Vicky,Call,AQ_1,"576,05",0,,"576,05",,
GYB220217-2723-85130,US,aq-gyb-support-36-month-plan-hi,Support 36-month Plan,17-2-2022 0:00:00,,36,17-2-2022 18:07:00,,,No,No,Esmee,Call,AQ.Upgrade,"615,6","68,4",,684,,
GYB220217-4103-59140,PA,aq-gyb-support-12-month-plan-hi,Support 12-month Plan,17-2-2022 0:00:00,18-3-2022 0:00:00,12,18-2-2022 0:41:00,18-3-2022 11:23:00,,No,Yes,Nick,Call,AQ_9,432,0,,432,283,
GYB220217-4827-85118,US,aq-one-time-pc-support,Support One Time PC Support,,,0,18-2-2022 0:25:00,,,No,No,Jacob,Call,AQ_9,"96,85","52,15",,149,,
GYB220217-7423-36114,US,aq-gyb-support-6-month-plan-lo,Support 6-month Plan,17-2-2022 0:00:00,17-11-2022 0:00:00,1,18-2-2022 1:47:00,,17-10-2022 11:37:00,No,No,Nick,Call,AQ_9,"199,2","49,8",3,249,,"59,85"
GYB220217-8578-93123,US,aq-one-time-pc-support,Support One Time PC Support,,,0,17-2-2022 3:14:00,,,No,No,Megan,Chat,PDFSuite.CTA,149,0,,149,,
GYB220217-9979-62120,US,aq-gyb-support-multiple-monthly,Support Multiple Device Monthly Subscription,17-2-2022 0:00:00,24-8-2022 0:00:00,1,17-2-2022 17:32:00,,17-8-2022 12:08:00,No,No,Rodger,Call,AQ_25,"49,5","49,5",6,99,,"74,82"
GYB220218-1719-79130,GB,gyb-support-36-month-plan,Support 36-month plan,18-2-2022 0:00:00,3-8-2022 0:00:00,1,18-2-2022 21:17:00,13-3-2022 12:25:00,27-6-2022 11:23:00,No,Yes,,,,"575,56",0,3,"575,56","372,83","57,77"
GYB220218-1719-97110,US,aq-one-time-pc-support,Support One Time PC Support,,,0,18-2-2022 6:33:00,,,No,No,Nick,Call,AQ_9,149,0,,149,,
GYB220218-6894-75107,US,aq-gyb-support-multiple-monthly,Support Multiple Device Monthly Subscription,18-2-2022 0:00:00,25-5-2022 0:00:00,1,18-2-2022 22:19:00,,20-4-2022 17:42:00,No,No,Rodger,Call,AQ_9,"49,5","49,5",2,99,,"24,94"
GYB220218-6894-79140,US,aq-one-time-pc-support,Support One Time PC Support,,,0,18-2-2022 23:42:00,,,No,No,Biby,Chat,AQ_9,149,0,,149,,
GYB220218-7311-61120,US,aq-gyb-support-12-month-plan-hi,Support 12-month Plan,18-2-2022 0:00:00,18-2-2023 0:00:00,12,18-2-2022 19:54:00,,,No,No,Rodger,From Support,AQ.Upgrade,"302,4","129,6",,432,,
GYB220218-8715-39126,US,aq-gyb-support-24-month-plan-hi,Support 24-month Plan,18-2-2022 0:00:00,18-2-2024 0:00:00,24,18-2-2022 17:02:00,,,No,No,Rodger,Call,AQ_1,576,0,,576,,
GYB220219-3437-51117,GB,aq-gyb-support-36-month-plan-hi,Support 36-month Plan,19-2-2022 0:00:00,,36,19-2-2022 17:44:00,,,No,No,Jackie,Call,AQ_9,"683,91",0,,"683,91",,
GYB220219-6344-17113,AU,aq-gyb-support-single-monthly,Support Single Device Monthly Subscription,19-2-2022 0:00:00,19-3-2022 0:00:00,1,20-2-2022 0:04:00,,,No,No,Rodger,Call,AQ_7,"84,24","14,87",,"99,11",,
GYB220219-6643-35171,US,aq-one-time-pc-support,Support One Time PC Support,,,0,20-2-2022 1:05:00,,,No,No,Ruby,Chat,AQ_9,149,0,,149,,
GYB220219-6643-41143,US,aq-gyb-support-single-monthly,Support Single Device Monthly Subscription,19-2-2022 0:00:00,22-3-2022 0:00:00,1,19-2-2022 22:47:00,,,No,No,Rodger,Call,AQ_9,"84,15","14,85",,99,,
GYB220219-6643-67120,US,aq-gyb-support-12-month-plan-hi,Support 12-month Plan,19-2-2022 0:00:00,1-3-2022 0:00:00,12,19-2-2022 21:10:00,,,No,No,Jules,Chat,AQ_9,432,0,,432,,
GYB220219-6894-98116,US,aq-gyb-support-3-month-plan-lo,Support 3-month Plan,19-2-2022 0:00:00,18-7-2022 0:00:00,1,19-2-2022 22:00:00,,19-6-2022 12:01:00,No,No,Jackie,Call,AQ_9,"159,2","39,8",2,199,,"39,9"
GYB220219-7341-65119,US,aq-gyb-support-36-month-plan-hi,Support 36-month Plan,19-2-2022 0:00:00,19-2-2025 0:00:00,36,19-2-2022 3:32:00,,,No,No,,,,"547,2","136,8",,684,,
GYB220220-6344-60136,US,aq-one-time-pc-support,Support One Time PC Support,,,0,21-2-2022 2:21:00,,,No,No,Jules,Chat,AQ_9,"119,2","29,8",,149,,
GYB220220-6894-55191,US,gyb-support-36-month-plan,Support 36-month plan,20-2-2022 0:00:00,,36,21-2-2022 2:15:00,,,No,No,Rodger,Call,BF.Upgrade,576,0,,576,,
GYB220220-6894-63128,US,aq-one-time-pc-support,Support One Time PC Support,,,0,20-2-2022 20:42:00,,,No,No,,,,149,0,,149,,
GYB220220-7341-39112,AU,aq-one-time-pc-support,Support One Time PC Support,,,0,20-2-2022 23:06:00,,,No,No,Jackie,Call,AQ_7,"74,67","74,67",,"149,34",,
GYB220221-3437-92119,US,aq-one-time-pc-support,Support One Time PC Support,,,0,22-2-2022 0:51:00,,,No,No,Vicky,Call,AQ_1,"74,5","74,5",,149,,
GYB220221-3925-60124,US,aq-gyb-support-single-monthly,Support Single Device Monthly Subscription,21-2-2022 0:00:00,21-3-2022 0:00:00,1,21-2-2022 17:09:00,,,No,No,,,,"49,5","49,5",,99,,
GYB220221-3925-93142,US,aq-one-time-pc-support,Support One Time PC Support,,,0,21-2-2022 20:52:00,,,No,No,,,,"74,5","74,5",,149,,
GYB220221-6643-26110,US,aq-gyb-support-single-monthly,Support Single Device Monthly Subscription,21-2-2022 0:00:00,21-3-2022 0:00:00,1,21-2-2022 5:13:00,,,No,No,Rodger,Call,AQ_9,"49,5","49,5",,99,,
GYB220221-7341-37129,US,aq-gyb-support-36-month-plan-hi,Support 36-month Plan,21-2-2022 0:00:00,21-2-2025 0:00:00,36,21-2-2022 21:33:00,,,No,No,,,,684,0,,684,,
GYB220221-9523-16124,AU,aq-gyb-support-12-month-plan-hi,Support 12-month Plan,21-2-2022 0:00:00,21-3-2023 0:00:00,1,21-2-2022 7:18:00,,21-2-2023 11:08:00,No,No,Rodger,Call,AQ_7,"302,56","129,67",1,"432,23",,"19,28"
GYB220221-9523-20157,US,aq-gyb-support-36-month-plan-hi,Support 36-month Plan,21-2-2022 0:00:00,,36,21-2-2022 20:38:00,25-2-2022 16:45:00,,No,Yes,,,,"581,4","102,6",,684,500,
GYB220222-1825-75144,CA,aq-one-time-pc-support,Support One Time PC Support,,,0,22-2-2022 22:18:00,,,No,No,,,,"111,9","37,3",,"149,2",,
GYB220222-3437-12141,US,aq-gyb-support-single-monthly,Support Single Device Monthly Subscription,22-2-2022 0:00:00,22-3-2022 0:00:00,1,23-2-2022 2:16:00,,,No,No,,,,"49,5","49,5",,99,,
GYB220222-3437-47118,US,aq-gyb-support-12-month-plan,Support 12-month plan,22-2-2022 0:00:00,22-3-2023 0:00:00,1,22-2-2022 17:58:00,,22-2-2023 12:21:00,No,No,,,,"285,6","50,4",1,336,,"19,95"
GYB220222-3925-33137,US,aq-gyb-support-3-month-plan-lo,Support 3-month Plan,22-2-2022 0:00:00,29-5-2022 0:00:00,1,22-2-2022 8:03:00,,,No,No,Keira,Chat,AQ_21,199,0,,199,,
GYB220222-3925-65102,US,aq-gyb-support-36-month-plan-hi,Support 36-month Plan,22-2-2022 0:00:00,4-4-2022 0:00:00,36,22-2-2022 3:16:00,4-4-2022 10:03:00,,No,Yes,,,,513,171,,684,513,
GYB220222-3925-79198,GB,aq-gyb-support-12-month-plan-hi,Support 12-month Plan,22-2-2022 0:00:00,22-2-2023 0:00:00,12,23-2-2022 1:20:00,,,No,No,,,,"432,46",0,,"432,46",,
GYB220222-6643-83126,CA,aq-gyb-support-single-monthly,Support Single Device Monthly Subscription,22-2-2022 0:00:00,22-3-2022 0:00:00,1,22-2-2022 21:20:00,5-5-2022 5:24:00,,Yes,No,,,,"99,22",0,,"99,22","92,61",
GYB220222-6643-85114,AU,aq-gyb-support-12-month-plan-hi,Support 12-month Plan,22-2-2022 0:00:00,22-2-2023 0:00:00,12,22-2-2022 5:55:00,,,No,No,,,,"432,2",0,,"432,2",,
GYB220222-6643-97159,US,aq-gyb-support-multiple-monthly,Support Multiple Device Monthly Subscription,22-2-2022 0:00:00,22-2-2022 0:00:00,1,23-2-2022 0:57:00,,,No,No,Nick,From Support,ByteFence.CTA,"64,35","34,65",,99,,
GYB220222-6643-97159,US,aq-gyb-support-multiple-monthly,Support Multiple Device Monthly Subscription,22-2-2022 0:00:00,22-2-2022 0:00:00,1,23-2-2022 0:57:00,,,No,No,,,,"64,35","34,65",,99,,
GYB220222-7341-41104,CA,aq-gyb-support-multiple-monthly,Support Multiple Device Monthly Subscription,22-2-2022 0:00:00,22-3-2022 0:00:00,1,22-2-2022 23:28:00,,,No,No,Rodger,Call,AQ_1,"99,22",0,,"99,22",,
GYB220223-6894-83113,US,aq-gyb-support-12-month-plan-hi,Support 12-month Plan,23-2-2022 0:00:00,24-8-2022 0:00:00,12,23-2-2022 22:05:00,,,No,No,,,,432,0,,432,,
GYB220223-7341-49130,US,aq-gyb-support-multiple-monthly,Support Multiple Device Monthly Subscription,23-2-2022 0:00:00,30-5-2022 0:00:00,1,23-2-2022 23:12:00,,23-4-2022 13:02:00,No,No,Rodger,Call,AQ_9,"49,5","49,5",2,99,,"24,94"
GYB220224-3437-55128,CA,aq-gyb-support-6-month-plan-lo,Support 6-month Plan,24-2-2022 0:00:00,24-10-2022 0:00:00,1,24-2-2022 20:25:00,,24-9-2022 13:58:00,No,No,Ruby,Ticket,AQ_21,"249,42",0,2,"249,42",,"39,22"
GYB220224-6344-94127,US,aq-gyb-support-12-month-plan-hi,Support 12-month Plan,24-2-2022 0:00:00,9-12-2022 0:00:00,12,24-2-2022 3:32:00,,,No,No,,,,324,108,,432,,
GYB220224-7955-11142,CA,aq-one-time-pc-support,Support One Time PC Support,,,0,25-2-2022 1:10:00,,,No,No,,,,"74,68","74,68",,"149,36",,
GYB220224-9523-71127,US,aq-one-time-pc-support,Support One Time PC Support,,,0,24-2-2022 5:05:00,,,No,No,,,,"96,85","52,15",,149,,
GYB220225-6849-52135,US,aq-gyb-support-single-monthly,Support Single Device Monthly Subscription,25-2-2022 0:00:00,,1,25-2-2022 19:11:00,,25-9-2023 12:34:00,No,No,Jackie,Call,AQ_9,"49,5","49,5",19,99,,"189,43"
GYB220226-3969-68106,US,aq-one-time-pc-support,Support One Time PC Support,,,0,26-2-2022 17:49:00,,,No,No,Vicky,Call,AQ_9,"74,5","74,5",,149,,
GYB220227-3240-47111,GB,aq-one-time-pc-support,Support One Time PC Support,,,0,27-2-2022 10:10:00,,,No,No,,,,"149,8",0,,"149,8",,
GYB220227-3969-54123,US,gyb-support-36-month-plan-hi,Support 36-month Plan,27-2-2022 0:00:00,,36,27-2-2022 23:38:00,,,No,No,,,,"547,2","136,8",,684,,
GYB220227-6206-73123,US,aq-gyb-support-36-month-plan-hi,Support 36-month Plan,27-2-2022 0:00:00,27-2-2025 0:00:00,36,27-2-2022 3:11:00,,,No,No,Jules,Chat,AQ_9,684,0,,684,,
GYB220227-6206-97164,US,aq-one-time-pc-support,Support One Time PC Support,,,0,27-2-2022 22:08:00,,,No,No,,,,149,0,,149,,
GYB220228-5377-43114,GB,aq-gyb-support-3-month-plan-lo,Support 3-month Plan,28-2-2022 0:00:00,11-6-2022 0:00:00,3,1-3-2022 0:16:00,,,No,No,Keira,Chat,AQ_21,"199,56",0,,"199,56",,
GYB220228-6206-73107,US,aq-gyb-support-12-month-plan-hi,Support 12-month Plan,28-2-2022 0:00:00,8-8-2025 0:00:00,12,28-2-2022 19:20:00,,,No,No,,,,"302,4","129,6",,432,,
GYB220228-6849-15105,CA,aq-gyb-support-12-month-plan-hi,Support 12-month Plan,28-2-2022 0:00:00,8-3-2023 0:00:00,12,1-3-2022 0:23:00,,,No,No,,,,"302,58","129,68",,"432,26",,
GYB220301-3240-50125,CA,aq-gyb-support-single-monthly,Support Single Device Monthly Subscription,1-3-2022 0:00:00,,1,1-3-2022 20:47:00,,1-10-2023 12:01:00,No,No,Jackie,Call,AQ.Upgrade,"99,26",0,17,"99,26",,"333,92"
GYB220301-3969-41127,US,aq-gyb-support-36-month-plan-hi,Support 36-month Plan,1-3-2022 0:00:00,,36,1-3-2022 9:36:00,,,No,No,Jules,Chat,AQ_9,684,0,,684,,
GYB220301-6206-89120,IL,one-time-pc-support,Support One Time PC Support,,,0,1-3-2022 14:22:00,,,No,No,Jules,Chat,AQ_9,149,0,,149,,
GYB220302-3240-59133,US,aq-gyb-support-36-month-plan-hi,Support 36-month Plan,2-3-2022 0:00:00,10-7-2027 0:00:00,36,2-3-2022 17:55:00,,,No,No,Rodger,From Support,BF.Upgrade,"478,8","205,2",,684,,
GYB220302-5377-65116,US,aq-gyb-support-3-month-plan-lo,Support 3-month Plan,2-3-2022 0:00:00,9-9-2022 0:00:00,1,2-3-2022 4:13:00,,2-8-2022 15:17:00,No,No,Keira,Chat,AQ_21,199,0,3,199,,"59,85"
GYB220303-5377-72116,US,aq-one-time-pc-support,Support One Time PC Support,,,0,3-3-2022 23:39:00,,,No,No,,,,149,0,,149,,
GYB220303-7835-78112,SG,aq-gyb-support-36-month-plan-hi,Support 36-month Plan,3-3-2022 0:00:00,3-3-2025 0:00:00,36,3-3-2022 16:29:00,,,No,No,,,,"580,85","102,5",,"683,35",,
GYB220304-3969-90145,US,aq-gyb-support-12-month-plan-hi,Support 12-month Plan,4-3-2022 0:00:00,13-10-2023 0:00:00,1,5-3-2022 2:41:00,,4-10-2023 12:42:00,No,No,Jules,Chat,AQ_9,"345,6","86,4",8,432,,"159,6"
GYB220304-5377-70126,US,aq-gyb-support-3-month-plan-lo,Support 3-month Plan,4-3-2022 0:00:00,4-6-2023 0:00:00,1,5-3-2022 2:09:00,,4-5-2023 11:10:00,No,No,Jackie,Call,AQ_9,"149,25","49,75",12,199,,"239,4"
GYB220304-6849-18122,US,aq-one-time-pc-support,Support One Time PC Support,,,0,4-3-2022 19:43:00,4-3-2022 16:11:00,,No,Yes,Jackie,Call,AQ_25,"111,75","37,25",,149,"111,75",
GYB220304-7955-24111,US,aq-one-time-pc-support,Support One Time PC Support,,,0,4-3-2022 23:39:00,,,No,No,Jackie,Call,AQ_9,"96,85","52,15",,149,,
GYB220305-3969-90131,US,aq-one-time-pc-support,Support One Time PC Support,,,0,5-3-2022 22:32:00,,,No,No,,,,149,0,,149,,
GYB220306-5675-78115,US,aq-gyb-support-multiple-monthly,Support Multiple Device Monthly Subscription,6-3-2022 0:00:00,14-3-2022 0:00:00,1,7-3-2022 2:10:00,,,No,No,Vicky,Call,AQ_9,"79,2","19,8",,99,,
GYB220306-6206-92115,US,aq-one-time-pc-support,Support One Time PC Support,,,0,6-3-2022 16:08:00,,,No,No,,,,149,0,,149,,
GYB220306-7835-66111,US,aq-gyb-support-3-month-plan-lo,Support 3-month Plan,6-3-2022 0:00:00,6-8-2022 0:00:00,1,6-3-2022 23:20:00,,6-7-2022 12:28:00,No,No,Keira,Chat,AQ_21,199,0,2,199,,"39,9"
GYB220307-3969-17116,US,aq-gyb-support-36-month-plan-hi,Support 36-month Plan,7-3-2022 0:00:00,11-4-2022 0:00:00,36,7-3-2022 15:12:00,11-4-2022 10:41:00,,No,Yes,,,,684,0,,684,535,
GYB220307-3969-71174,US,aq-gyb-support-12-month-plan-hi,Support 12-month Plan,7-3-2022 0:00:00,,1,8-3-2022 2:25:00,,7-10-2023 13:48:00,No,No,,,,432,0,8,432,,"159,6"
GYB220307-6206-11131,US,aq-gyb-support-36-month-plan-hi,Support 36-month Plan,7-3-2022 0:00:00,,36,7-3-2022 4:48:00,,,No,No,Jules,Chat,AQ_9,684,0,,684,,
GYB220308-5377-94125,CA,aq-gyb-support-12-month-plan-hi,Support 12-month Plan,8-3-2022 0:00:00,15-3-2023 0:00:00,1,8-3-2022 18:02:00,,,No,No,,,,"323,66","107,89",,"431,55",,
GYB220308-5675-30119,US,aq-gyb-support-12-month-plan-hi,Support 12-month Plan,8-3-2022 0:00:00,8-5-2023 0:00:00,1,8-3-2022 4:20:00,,8-4-2023 12:05:00,No,No,,,,432,0,2,432,,"39,9"
GYB220308-5675-46158,US,aq-one-time-pc-support,Support One Time PC Support,,,0,8-3-2022 7:37:00,,,No,No,Jackie,Call,AQ_9,"96,85","52,15",,149,,
GYB220308-5675-51176,US,aq-gyb-support-single-monthly,Support Single Device Monthly Subscription,8-3-2022 0:00:00,,1,8-3-2022 20:32:00,,8-10-2023 12:50:00,No,No,,,,"79,2","19,8",19,99,,"379,05"
GYB220308-5837-29131,UA,aq-gyb-support-12-month-plan,Support 12-month plan,8-3-2022 0:00:00,,1,8-3-2022 19:39:00,,8-3-2022 19:47:00,No,No,,,,336,0,1,336,,"19,95"
GYB220308-7955-34117,US,aq-one-time-pc-support,Support One Time PC Support,,,0,8-3-2022 17:15:00,,,No,No,,,,149,0,,149,,
GYB220309-5377-12149,US,aq-gyb-support-12-month-plan-hi,Support 12-month Plan,9-3-2022 0:00:00,,12,10-3-2022 2:38:00,,,No,No,,,,"302,4","129,6",,432,,
GYB220309-5377-23103,US,aq-gyb-support-36-month-plan-hi,Support 36-month Plan,9-3-2022 0:00:00,,36,9-3-2022 20:30:00,,,No,No,Rodger,Call,AQ_9,513,171,,684,,
GYB220309-6206-26109,PR,aq-gyb-support-12-month-plan-hi,Support 12-month Plan,9-3-2022 0:00:00,16-6-2023 0:00:00,1,9-3-2022 22:52:00,,9-5-2023 13:22:00,No,No,Jules,Chat,AQ_9,432,0,3,432,,"59,85"
GYB220309-7835-25156,US,aq-gyb-support-multiple-monthly,Support Multiple Device Monthly Subscription,9-3-2022 0:00:00,9-7-2022 0:00:00,1,9-3-2022 20:55:00,,9-6-2022 12:50:00,No,No,Jules,Chat,AQ_9,99,0,3,99,,"74,85"
GYB220309-7835-43137,US,aq-one-time-pc-support,Support One Time PC Support,,,0,9-3-2022 20:07:00,,,No,No,Jackie,Call,AQ_9,"96,85","52,15",,149,,
GYB220309-7835-70196,US,aq-gyb-support-36-month-plan,Support 36-month plan,9-3-2022 0:00:00,,36,10-3-2022 1:22:00,,,No,No,Rodger,Call,AQ.Upgrade,576,0,,576,,
GYB220309-7955-90110,US,aq-gyb-support-single-monthly,Support Single Device Monthly Subscription,9-3-2022 0:00:00,3-6-2022 0:00:00,1,9-3-2022 21:46:00,,9-5-2022 14:35:00,No,No,Rodger,Call,AQ_9,"49,5","49,5",2,99,,"19,94"
GYB220309-7955-91130,US,aq-gyb-support-12-month-plan-hi,Support 12-month Plan,9-3-2022 0:00:00,9-3-2023 0:00:00,12,9-3-2022 23:23:00,,,No,No,,,,432,0,,432,,
GYB220310-3240-23126,US,aq-gyb-support-36-month-plan-hi,Support 36-month Plan,10-3-2022 0:00:00,,36,10-3-2022 22:34:00,,,No,No,,,,684,0,,684,,
GYB220310-3240-37168,CA,aq-gyb-support-single-monthly,Support Single Device Monthly Subscription,10-3-2022 0:00:00,22-3-2022 0:00:00,1,11-3-2022 0:15:00,,,No,No,Rodger,Call,AQ_1,"84,33","14,88",,"99,21",,
GYB220310-3969-28120,US,aq-gyb-support-single-monthly,Support Single Device Monthly Subscription,10-3-2022 0:00:00,24-5-2022 0:00:00,1,10-3-2022 7:35:00,,10-5-2022 14:41:00,No,No,Nick,From Support,ByteFence.CTA,99,0,2,99,,"39,9"
GYB220310-7835-69114,US,aq-gyb-support-single-monthly,Support Single Device Monthly Subscription,10-3-2022 0:00:00,10-4-2022 0:00:00,1,10-3-2022 19:14:00,,,No,No,,,,"64,35","34,65",,99,,
GYB220311-6876-27174,US,aq-gyb-support-12-month-plan-hi,Support 12-month Plan,11-3-2022 0:00:00,11-3-2023 0:00:00,12,11-3-2022 23:12:00,,,No,No,,,,"302,4","129,6",,432,,
GYB220311-6876-33119,US,aq-gyb-support-12-month-plan-hi,Support 12-month Plan,11-3-2022 0:00:00,18-3-2023 0:00:00,1,11-3-2022 20:49:00,,,No,No,,,,324,108,,432,,
GYB220311-6876-90159,US,aq-gyb-support-36-month-plan-hi,Support 36-month Plan,11-3-2022 0:00:00,,36,11-3-2022 20:56:00,,,No,No,,,,684,0,,684,,
GYB220311-7311-68115,US,aq-gyb-support-single-monthly,Support Single Device Monthly Subscription,11-3-2022 0:00:00,11-4-2022 0:00:00,1,11-3-2022 6:03:00,,,No,No,Rodger,Call,AQ_9,"49,5","49,5",,99,,
GYB220312-7311-15116,US,aq-gyb-support-12-month-plan-hi,Support 12-month Plan,12-3-2022 0:00:00,,1,13-3-2022 1:49:00,,12-10-2023 13:04:00,No,No,,,,432,0,8,432,,"159,6"
GYB220312-7871-21132,CA,aq-gyb-support-single-monthly,Support Single Device Monthly Subscription,12-3-2022 0:00:00,12-4-2022 0:00:00,1,12-3-2022 20:11:00,,,No,No,,,,"64,43","34,69",,"99,12",,
GYB220312-7910-19108,US,aq-one-time-pc-support,Support One Time PC Support,,,0,13-3-2022 1:24:00,,,No,No,,,,149,0,,149,,
GYB220312-8911-53140,US,aq-gyb-support-single-monthly,Support Single Device Monthly Subscription,12-3-2022 0:00:00,11-4-2022 0:00:00,1,12-3-2022 19:05:00,,,No,No,,,,"64,35","34,65",,99,,
GYB220312-8911-80109,GB,aq-one-time-pc-support,Support One Time PC Support,,,0,12-3-2022 14:28:00,,,No,No,,,,"149,29",0,,"149,29",,
GYB220313-3044-21132,US,aq-gyb-support-12-month-plan-hi,Support 12-month Plan,13-3-2022 0:00:00,,1,13-3-2022 5:10:00,,22-9-2023 15:48:00,No,No,Vicky,Call,AQ_9,432,0,1,432,,"19,95"
GYB220313-7311-52163,US,aq-gyb-support-single-monthly,Support Single Device Monthly Subscription,13-3-2022 0:00:00,13-4-2022 0:00:00,1,13-3-2022 23:51:00,,,No,No,,,,"64,35","34,65",,99,,
GYB220313-7311-69134,US,aq-gyb-support-36-month-plan-hi,Support 36-month Plan,13-3-2022 0:00:00,,36,13-3-2022 20:11:00,,,No,No,,,,684,0,,684,,
GYB220313-7871-16146,US,gotyourback-support-6-month-plan,Support 6-month plan,,,0,14-3-2022 1:40:00,,,No,No,,,,199,"19,95",,"218,95",,
GYB220313-8911-62133,GB,aq-gyb-support-single-monthly,Support Single Device Monthly Subscription,13-3-2022 0:00:00,13-4-2022 0:00:00,1,13-3-2022 21:31:00,,,No,No,,,,"49,8","49,8",,"99,6",,
GYB220314-6422-50130,US,aq-gyb-support-3-month-plan-lo,Support 3-month Plan,14-3-2022 0:00:00,14-8-2022 0:00:00,1,14-3-2022 4:35:00,,14-7-2022 11:26:00,No,No,Keira,Chat,AQ_21,199,0,2,199,,"39,9"
GYB220314-7311-89114,US,aq-one-time-pc-support,Support One Time PC Support,,,0,14-3-2022 21:04:00,,,No,No,Rodger,Call,AQ_9,149,0,,149,,
GYB220314-7910-44104,US,aq-gyb-support-12-month-plan,Support 12-month plan,14-3-2022 0:00:00,,1,14-3-2022 19:19:00,,14-10-2023 13:08:00,No,No,Rodger,Call,AQ_9,"235,2","100,8",8,336,,"159,6"
GYB220315-2559-11126,US,aq-gyb-support-single-monthly,Support Single Device Monthly Subscription,15-3-2022 0:00:00,14-4-2022 0:00:00,1,16-3-2022 2:54:00,,,No,No,,,,99,0,,99,,
GYB220315-3044-50134,US,aq-gyb-support-6-month-plan-lo,Support 6-month Plan,15-3-2022 0:00:00,3-6-2022 0:00:00,6,15-3-2022 16:36:00,,,No,No,Ruby,Ticket,AQ_21,249,0,,249,,
GYB220315-3044-51110,US,aq-one-time-pc-support,Support One Time PC Support,,,0,15-3-2022 3:16:00,,,No,No,,,,149,0,,149,,
GYB220315-3044-57179,US,aq-gyb-support-12-month-plan-hi,Support 12-month Plan,15-3-2022 0:00:00,2-5-2022 0:00:00,12,15-3-2022 22:47:00,2-5-2022 10:46:00,,No,Yes,Jules,Chat,AQ_9,432,0,,432,432,
GYB220315-7477-94120,ZA,aq-one-time-pc-support,Support One Time PC Support,,,0,15-3-2022 12:03:00,,,No,No,,,,149,0,,149,,
GYB220315-7871-53127,US,aq-gyb-support-36-month-plan-hi,Support 36-month Plan,15-3-2022 0:00:00,,36,15-3-2022 19:51:00,,,No,No,Jackie,Call,AQ_9,"581,4","102,6",,684,,
GYB220316-2559-24124,US,aq-gyb-support-24-month-plan-hi,Support 24-month Plan,16-3-2022 0:00:00,,24,16-3-2022 20:17:00,,,No,No,Rinna,Chat,AQ_9,576,0,,576,,
GYB220316-3044-53129,US,aq-gyb-support-36-month-plan-hi,Support 36-month Plan,16-3-2022 0:00:00,18-3-2022 0:00:00,36,16-3-2022 17:14:00,18-3-2022 13:34:00,,No,Yes,Vicky,Call,AQ_9,684,0,,684,684,
GYB220316-7477-67124,US,aq-gyb-support-36-month-plan-hi,Support 36-month Plan,16-3-2022 0:00:00,,36,17-3-2022 1:43:00,,,No,No,Jules,Chat,AQ_9,684,0,,684,,
GYB220316-7871-56152,US,aq-one-time-pc-support,Support One Time PC Support,,,0,16-3-2022 23:50:00,,,No,No,Jackie,Call,AQ_25,"96,85","52,15",,149,,
GYB220317-2559-72126,US,aq-gyb-support-36-month-plan-hi,Support 36-month Plan,17-3-2022 0:00:00,,36,18-3-2022 1:44:00,,,No,No,,,,684,0,,684,,
GYB220317-7910-35122,CA,aq-gyb-support-6-month-plan,Support 6-month plan,17-3-2022 0:00:00,17-4-2023 0:00:00,1,17-3-2022 4:36:00,,17-3-2023 14:11:00,No,No,Rodger,Call,AQ_1,"134,43","57,61",7,"192,04",,"134,62"
GYB220317-8911-29119,US,aq-gyb-support-12-month-plan-hi,Support 12-month Plan,17-3-2022 0:00:00,24-4-2023 0:00:00,1,17-3-2022 17:18:00,,17-3-2023 14:28:00,No,No,,,,432,0,1,432,,"19,95"
GYB220318-2559-54136,US,aq-gyb-support-12-month-plan-hi,Support 12-month Plan,18-3-2022 0:00:00,18-3-2023 0:00:00,12,18-3-2022 21:11:00,,,No,No,,,,"345,6","86,4",,432,,
GYB220318-3044-81133,US,aq-one-time-pc-support,Support One Time PC Support,,,0,18-3-2022 21:30:00,,,No,No,,,,149,0,,149,,
GYB220318-7477-36126,US,aq-gyb-support-36-month-plan-hi,Support 36-month Plan,18-3-2022 0:00:00,,36,19-3-2022 2:32:00,,,No,No,,,,684,0,,684,,
GYB220319-2559-14135,US,aq-gyb-support-36-month-plan-hi,Support 36-month Plan,19-3-2022 0:00:00,19-3-2025 0:00:00,36,19-3-2022 18:37:00,,,No,No,,,,684,0,,684,,
GYB220319-2559-92174,IL,aq-gyb-support-12-month-plan-hi,Support 12-month Plan,19-3-2022 0:00:00,26-3-2023 0:00:00,1,19-3-2022 19:02:00,,,No,No,,,,432,0,,432,,
GYB220319-3044-54117,US,aq-one-time-pc-support,Support One Time PC Support,,,0,19-3-2022 16:03:00,,,No,No,,,,"104,3","44,7",,149,,
GYB220319-3588-53150,UA,gotyourback-support-24-month-plan,Support 24-month plan,,,0,19-3-2022 22:40:00,,,No,No,,,,399,"19,95",,"418,95",,
GYB220319-3588-69199,UA,gotyourback-support-24-month-plan,Support 24-month plan,,,0,19-3-2022 22:57:00,,,No,No,,,,399,"19,95",,"418,95",,
GYB220319-3588-77240,UA,gotyourback-support-24-month-plan,Support 24-month plan,,,0,19-3-2022 23:21:00,20-3-2022 6:47:00,,No,Yes,,,,399,"19,95",,"418,95",399,
GYB220319-3588-82300,UA,gotyourback-support-12-month-plan,Support 12-month plan,,,0,19-3-2022 23:57:00,20-3-2022 6:21:00,,No,Yes,,,,299,"19,95",,"318,95",299,
GYB220319-3588-83135,UA,gotyourback-support-12-month-plan,Support 12-month plan,,,0,19-3-2022 22:36:00,,,No,No,,,,299,"19,95",,"318,95",,
GYB220319-3588-93223,UA,gotyourback-support-24-month-plan,Support 24-month plan,,,0,19-3-2022 23:19:00,,,No,No,,,,399,"19,95",,"418,95",,
GYB220319-3588-94264,UA,gotyourback-support-24-month-plan,Support 24-month plan,,,0,19-3-2022 23:32:00,20-3-2022 6:37:00,,No,Yes,,,,399,"19,95",,"418,95",399,
GYB220319-3588-96171,UA,gotyourback-support-24-month-plan,Support 24-month plan,,,0,19-3-2022 22:46:00,,,No,No,,,,399,"19,95",,"418,95",,
GYB220319-3588-98121,UA,gotyourback-support-12-month-plan,Support 12-month plan,,,0,19-3-2022 22:28:00,,,No,No,,,,299,"19,95",,"318,95",,
GYB220319-3588-98185,UA,gotyourback-support-24-month-plan,Support 24-month plan,,,0,19-3-2022 22:50:00,,,No,No,,,,399,"19,95",,"418,95",,
GYB220319-7477-26118,US,aq-gyb-support-36-month-plan-hi,Support 36-month Plan,19-3-2022 0:00:00,19-3-2025 0:00:00,36,19-3-2022 23:17:00,,,No,No,,,,684,0,,684,,
GYB220319-8911-82128,US,aq-gyb-support-6-month-plan-lo,Support 6-month Plan,19-3-2022 0:00:00,19-9-2022 0:00:00,6,19-3-2022 23:41:00,,,No,No,Ruby,Ticket,AQ_21,"186,75","62,25",,249,,
GYB220320-2559-75114,GB,aq-gyb-support-24-month-plan-hi,Support 24-month Plan,20-3-2022 0:00:00,,24,20-3-2022 20:10:00,,,No,No,Ruby,Chat,AQ_9,"575,51",0,,"575,51",,
GYB220320-3044-85111,AU,aq-gyb-support-36-month-plan-hi,Support 36-month Plan,20-3-2022 0:00:00,,36,20-3-2022 5:44:00,,,No,No,,,,"683,76",0,,"683,76",,
GYB220320-3588-47137,UA,gotyourback-support-12-month-plan,Support 12-month plan,,,0,20-3-2022 13:48:00,20-3-2022 6:50:00,,No,Yes,,,,299,"19,95",,"318,95",299,
GYB220320-3588-60157,UA,gotyourback-support-24-month-plan,Support 24-month plan,,,0,20-3-2022 14:01:00,20-3-2022 7:02:00,,No,Yes,,,,399,"19,95",,"418,95",399,
GYB220320-3588-72169,UA,gotyourback-support-12-month-plan,Support 12-month plan,,,0,20-3-2022 14:26:00,20-3-2022 7:50:00,,No,Yes,,,,299,"19,95",,"318,95",299,
GYB220320-8911-47122,US,aq-one-time-pc-support,Support One Time PC Support,,,0,20-3-2022 3:28:00,,,No,No,,,,149,0,,149,,
GYB220321-2559-12110,US,aq-gyb-support-24-month-plan-hi,Support 24-month Plan,21-3-2022 0:00:00,,24,21-3-2022 3:18:00,,,No,No,Kinder,Chat,AQ_9,576,0,,576,,
GYB220321-2559-12110,US,aq-gyb-support-24-month-plan-hi,Support 24-month Plan,21-3-2022 0:00:00,,24,21-3-2022 3:18:00,,,No,No,Megan,Chat,PDFSuite.CTA,576,0,,576,,
GYB220321-3044-31104,US,aq-gyb-support-12-month-plan-hi,Support 12-month Plan,21-3-2022 0:00:00,4-4-2022 0:00:00,12,22-3-2022 0:04:00,4-4-2022 14:36:00,,No,Yes,,,,"345,6","86,4",,432,"345,6",
GYB220321-6422-62105,US,aq-gyb-support-single-monthly,Support Single Device Monthly Subscription,21-3-2022 0:00:00,21-5-2023 0:00:00,1,21-3-2022 5:32:00,,21-4-2023 13:19:00,No,No,,,,"49,5","49,5",13,99,,"129,61"
GYB220321-6422-79117,GB,aq-gyb-support-3-month-plan-lo,Support 3-month Plan,21-3-2022 0:00:00,29-5-2022 0:00:00,3,21-3-2022 21:58:00,,,No,No,Jules,Chat,AQ_9,"159,39","39,85",,"199,24",,
GYB220321-6876-69144,CA,aq-gyb-support-36-month-plan,Support 36-month plan,21-3-2022 0:00:00,21-3-2025 0:00:00,36,21-3-2022 20:26:00,,,No,No,Rodger,Call,AQ.Upgrade,"460,69","115,17",,"575,86",,
GYB220321-7477-75133,US,aq-gyb-support-3-month-plan-lo,Support 3-month Plan,21-3-2022 0:00:00,21-9-2022 0:00:00,1,21-3-2022 18:35:00,,21-8-2022 12:07:00,No,No,Jules,Chat,AQ_9,"159,2","39,8",3,199,,"59,85"
GYB220321-7871-31130,US,aq-gyb-support-multiple-monthly,Support Multiple Device Monthly Subscription,21-3-2022 0:00:00,21-4-2022 0:00:00,1,21-3-2022 23:59:00,,,No,No,Rodger,Call,AQ_9,"49,5","49,5",,99,,
GYB220321-8911-82143,US,aq-gyb-support-24-month-plan,Support 24-month plan,21-3-2022 0:00:00,21-3-2024 0:00:00,24,21-3-2022 21:30:00,,,No,No,Rodger,Call,AQ.Upgrade,"302,4","129,6",,432,,
GYB220321-8911-85117,CA,aq-gyb-support-12-month-plan-hi,Support 12-month Plan,21-3-2022 0:00:00,28-3-2023 0:00:00,1,21-3-2022 7:15:00,,,No,No,,,,"345,52","86,38",,"431,9",,
GYB220322-3044-14111,US,aq-gyb-support-3-month-plan-lo,Support 3-month Plan,22-3-2022 0:00:00,22-6-2022 0:00:00,3,22-3-2022 18:38:00,,,No,No,Keira,Chat,AQ_21,199,0,,199,,
GYB220322-6876-72112,US,aq-gyb-support-12-month-plan-hi,Support 12-month Plan,22-3-2022 0:00:00,29-3-2023 0:00:00,1,22-3-2022 10:03:00,,,No,No,,,,"302,23","129,53",,"431,76",,
GYB220322-7871-42114,US,aq-gyb-support-single-monthly,Support Single Device Monthly Subscription,22-3-2022 0:00:00,25-3-2022 0:00:00,1,23-3-2022 1:36:00,25-3-2022 11:19:00,,Yes,No,Rodger,Call,AQ_9,99,0,,99,99,
GYB220322-8911-44118,US,aq-one-time-pc-support,Support One Time PC Support,,,0,22-3-2022 19:50:00,,,No,No,Vicky,Call,AQ_9,"74,5","74,5",,149,,
GYB220323-2559-96129,US,aq-one-time-pc-support,Support One Time PC Support,,,0,23-3-2022 17:56:00,,,No,No,,,,"119,2","29,8",,149,,
GYB220323-3044-52133,CA,aq-one-time-pc-support,Support One Time PC Support,,,0,23-3-2022 19:26:00,,,No,No,,,,"74,75","74,75",,"149,5",,
GYB220323-6422-37181,US,aq-one-time-pc-support,Support One Time PC Support,,,0,23-3-2022 17:47:00,,,No,No,,,,"119,2","29,8",,149,,
GYB220323-6422-45118,US,aq-gyb-support-multiple-monthly,Support Multiple Device Monthly Subscription,23-3-2022 0:00:00,30-7-2022 0:00:00,1,23-3-2022 4:37:00,,23-6-2022 15:40:00,No,No,Rodger,Call,AQ_25,99,0,3,99,,"74,85"
GYB220323-6876-38166,IL,aq-gyb-support-36-month-plan-hi,Support 36-month Plan,23-3-2022 0:00:00,24-3-2022 0:00:00,36,23-3-2022 23:18:00,24-3-2022 12:36:00,,No,Yes,,,,684,0,,684,684,
GYB220323-6876-95130,US,aq-one-time-pc-support,Support One Time PC Support,,,0,23-3-2022 18:24:00,,,No,No,,,,"119,2","29,8",,149,,
GYB220323-7910-92132,US,aq-gyb-support-6-month-plan-lo,Support 6-month Plan,23-3-2022 0:00:00,23-9-2022 0:00:00,6,23-3-2022 21:14:00,,,No,No,Ruby,Ticket,AQ_21,249,0,,249,,
GYB220323-7910-93109,US,aq-gyb-support-12-month-plan,Support 12-month plan,23-3-2022 0:00:00,30-3-2023 0:00:00,1,23-3-2022 17:08:00,,,No,No,Rodger,Call,AQ_25,252,84,,336,,
GYB220324-2050-61128,US,gyb-support-single-monthly,Support Single Device Monthly Subscription,24-3-2022 0:00:00,31-8-2022 0:00:00,1,24-3-2022 22:39:00,,24-7-2022 15:07:00,No,No,,,,99,0,4,99,,"79,8"
GYB220324-4913-69125,US,aq-gyb-support-24-month-plan-hi,Support 24-month Plan,24-3-2022 0:00:00,,24,24-3-2022 22:11:00,,,No,No,Megan,Chat,PDFSuite.CTA,576,0,,576,,
GYB220324-5332-11174,AU,aq-gyb-support-24-month-plan-hi,Support 24-month Plan,24-3-2022 0:00:00,6-10-2022 0:00:00,24,25-3-2022 2:50:00,,,No,No,Megan,Chat,PDFSuite.CTA,"575,9",0,,"575,9",,
GYB220324-5332-88130,US,aq-gyb-support-12-month-plan-hi,Support 12-month Plan,24-3-2022 0:00:00,31-3-2023 0:00:00,1,24-3-2022 23:45:00,,,No,No,Keira,Chat,AQ_21,432,0,,432,,
GYB220324-5332-88130,US,aq-gyb-support-12-month-plan-hi,Support 12-month Plan,24-3-2022 0:00:00,31-3-2023 0:00:00,1,24-3-2022 23:45:00,,,No,No,,,,432,0,,432,,
GYB220324-7871-19116,US,aq-gyb-support-single-monthly,Support Single Device Monthly Subscription,24-3-2022 0:00:00,24-4-2022 0:00:00,1,24-3-2022 18:23:00,,,No,No,,,,"49,5","49,5",,99,,
GYB220325-4913-56125,US,aq-gyb-support-24-month-plan-hi,Support 24-month Plan,25-3-2022 0:00:00,,24,25-3-2022 3:13:00,,,No,No,Megan,Chat,PDFSuite.CTA,576,0,,576,,
GYB220325-4913-70155,CA,aq-one-time-pc-support,Support One Time PC Support,,,0,25-3-2022 5:20:00,,,No,No,,,,"119,11","29,78",,"148,89",,
GYB220325-5541-34116,GB,aq-gyb-support-12-month-plan-hi,Support 12-month Plan,25-3-2022 0:00:00,1-4-2023 0:00:00,1,25-3-2022 21:28:00,,,No,No,,,,"366,92","64,76",,"431,68",,
GYB220325-5566-42122,AU,aq-gyb-support-3-month-plan-lo,Support 3-month Plan,25-3-2022 0:00:00,26-5-2023 0:00:00,1,26-3-2022 1:39:00,,25-5-2023 11:32:00,No,No,Keira,Chat,AQ_21,"199,26",0,9,"199,26",,"166,27"
GYB220326-5541-91129,US,aq-gyb-support-12-month-plan-hi,Support 12-month Plan,26-3-2022 0:00:00,4-8-2022 0:00:00,12,26-3-2022 17:01:00,,,No,No,Rodger,Call,AQ_9,"302,4","129,6",,432,,
GYB220326-5541-94114,AU,aq-gyb-support-single-monthly,Support Single Device Monthly Subscription,26-3-2022 0:00:00,26-4-2022 0:00:00,1,26-3-2022 7:42:00,,,No,No,,,,"74,47","24,83",,"99,3",,
GYB220326-5566-84101,AU,one-time-pc-support,Support One Time PC Support,,,0,26-3-2022 4:31:00,,,No,No,,,,"74,64","74,64",,"149,28",,
GYB220326-7711-42168,US,aq-gyb-support-24-month-plan-hi,Support 24-month Plan,26-3-2022 0:00:00,26-3-2024 0:00:00,24,26-3-2022 19:54:00,,,No,No,Rodger,Call,AQ_25,576,0,,576,,
GYB220326-7711-59144,AU,aq-gyb-support-12-month-plan-hi,Support 12-month Plan,26-3-2022 0:00:00,2-4-2023 0:00:00,1,26-3-2022 4:55:00,,,No,No,,,,"432,06",0,,"432,06",,
GYB220327-2543-77152,US,gyb-support-12-month-plan-hi,Support 12-month Plan,27-3-2022 0:00:00,13-7-2024 0:00:00,12,27-3-2022 21:42:00,,,No,No,Jackie,Call,BF.Upgrade,324,108,,432,,
GYB220327-2543-96116,US,aq-gyb-support-6-month-plan-hi,Support 6-month Plan,27-3-2022 0:00:00,27-9-2022 0:00:00,6,27-3-2022 18:33:00,,,No,No,Ruby,Ticket,AQ_21,252,84,,336,,
GYB220327-4732-29120,UA,gyb-support-36-month-plan,Support 36-month plan,27-3-2022 0:00:00,,36,27-3-2022 14:28:00,,,No,No,Alex,Chat,,576,0,,576,,
GYB220327-4732-57165,UA,gyb-support-36-month-plan,Support 36-month plan,27-3-2022 0:00:00,,36,27-3-2022 14:38:00,,,No,No,,,,576,0,,576,,
GYB220327-4732-94144,UA,gyb-support-36-month-plan,Support 36-month plan,27-3-2022 0:00:00,,36,27-3-2022 14:30:00,,,No,No,,,,576,0,,576,,
GYB220327-4913-74111,GB,aq-gyb-support-6-month-plan-lo,Support 6-month Plan,27-3-2022 0:00:00,4-10-2022 0:00:00,1,27-3-2022 15:25:00,,,No,No,Jules,Chat,AQ_9,"199,32","49,83",,"249,15",,
GYB220327-5541-44119,EG,aq-gyb-support-12-month-plan-hi,Support 12-month Plan,27-3-2022 0:00:00,3-8-2023 0:00:00,1,27-3-2022 21:15:00,,1-7-2023 10:55:00,No,No,,,,"345,6","86,4",4,432,,"79,8"
GYB220327-6791-67101,BB,aq-gyb-support-24-month-plan-hi,Support 24-month Plan,27-3-2022 0:00:00,27-3-2024 0:00:00,24,27-3-2022 21:25:00,,,No,No,Rodger,Call,AQ_9,432,144,,576,,
GYB220328-2050-88108,US,aq-gyb-support-36-month-plan-hi,Support 36-month Plan,28-3-2022 0:00:00,,36,28-3-2022 18:47:00,,,No,No,Rinna,Chat,AQ_9,684,0,,684,,
GYB220328-2543-42151,US,aq-gyb-support-36-month-plan-hi,Support 36-month Plan,28-3-2022 0:00:00,28-3-2025 0:00:00,36,29-3-2022 0:50:00,,,No,No,Rodger,From Support,AQ.Upgrade,"478,8","205,2",,684,,
GYB220328-2543-92182,US,aq-gyb-support-12-month-plan,Support 12-month plan,28-3-2022 0:00:00,28-3-2023 0:00:00,12,29-3-2022 1:20:00,,,No,No,Rodger,Call,AQ.Upgrade,"235,2","100,8",,336,,
GYB220328-4913-76127,AU,aq-gyb-support-single-monthly,Support Single Device Monthly Subscription,28-3-2022 0:00:00,28-4-2022 0:00:00,1,28-3-2022 4:21:00,,,No,No,,,,"49,79","49,79",,"99,58",,
GYB220328-5541-29163,GB,aq-one-time-pc-support,Support One Time PC Support,,,0,28-3-2022 22:35:00,,,No,No,,,,"119,59","29,9",,"149,49",,
GYB220328-5541-76131,US,aq-one-time-pc-support,Support One Time PC Support,,,0,28-3-2022 19:57:00,,,No,No,,,,"74,5","74,5",,149,,
GYB220328-5566-93116,CA,aq-gyb-support-12-month-plan-hi,Support 12-month Plan,28-3-2022 0:00:00,28-3-2023 0:00:00,12,28-3-2022 18:12:00,,,No,No,,,,"345,92","86,48",,"432,4",,
GYB220328-7711-47169,US,gyb-support-single-monthly,Support Single Device Monthly Subscription,28-3-2022 0:00:00,28-6-2022 0:00:00,1,28-3-2022 22:47:00,,28-6-2022 17:04:00,No,No,Jackie,Call,BF.Upgrade,99,0,3,99,,"59,85"
GYB220328-7711-85129,US,aq-gyb-support-single-monthly,Support Single Device Monthly Subscription,28-3-2022 0:00:00,29-4-2022 0:00:00,1,28-3-2022 20:26:00,,,No,No,Vicky,Call,AQ_25,"49,5","49,5",,99,,
GYB220329-2050-12112,CA,aq-gyb-support-24-month-plan-hi,Support 24-month Plan,29-3-2022 0:00:00,,24,29-3-2022 23:41:00,,,No,No,Jackie,Call,AQ_1,"489,08","86,31",,"575,39",,
GYB220329-2543-35114,GB,aq-gyb-support-6-month-plan-lo,Support 6-month Plan,29-3-2022 0:00:00,29-9-2022 0:00:00,6,29-3-2022 19:21:00,,,No,No,Jules,Chat,AQ_9,"199,23","49,8",,"249,03",,
GYB220329-6791-66123,US,aq-one-time-pc-support,Support One Time PC Support,,,0,30-3-2022 1:46:00,,,No,No,Jackie,Call,AQ_21,"104,3","44,7",,149,,
GYB220330-2050-28110,US,aq-one-time-pc-support,Support One Time PC Support,,,0,30-3-2022 22:53:00,,,No,No,,,,"74,5","74,5",,149,,
GYB220330-4913-68138,US,aq-gyb-support-3-month-plan-lo,Support 3-month Plan,30-3-2022 0:00:00,30-6-2022 0:00:00,3,30-3-2022 21:14:00,,,No,No,Keira,Chat,AQ_21,199,0,,199,,
GYB220330-4913-72103,GB,aq-gyb-support-3-month-plan-lo,Support 3-month Plan,30-3-2022 0:00:00,30-7-2022 0:00:00,1,30-3-2022 18:20:00,,30-6-2022 12:59:00,No,No,Keira,Chat,AQ_21,"199,15",0,1,"199,15",,"18,53"
GYB220330-5332-86110,US,aq-gyb-support-3-month-plan-lo,Support 3-month Plan,30-3-2022 0:00:00,28-4-2023 0:00:00,1,30-3-2022 23:17:00,,28-3-2023 13:46:00,No,No,Keira,Chat,AQ_21,199,0,10,199,,"199,5"
GYB220330-5566-60139,US,aq-gyb-support-36-month-plan-hi,Support 36-month Plan,30-3-2022 0:00:00,30-3-2025 0:00:00,36,30-3-2022 19:31:00,,,No,No,,,,684,0,,684,,
GYB220330-6791-70119,CA,aq-one-time-pc-support,Support One Time PC Support,,,0,30-3-2022 21:11:00,,,No,No,,,,"148,94",0,,"148,94",,
GYB220330-7323-80104,US,aq-one-time-pc-support,Support One Time PC Support,,,0,31-3-2022 2:51:00,,,No,No,Vicky,Call,AQ_9,"104,3","44,7",,149,,
GYB220331-2793-63106,CA,aq-gyb-support-36-month-plan-hi,Support 36-month Plan,31-3-2022 0:00:00,,36,31-3-2022 19:58:00,,,No,No,,,,"546,86","136,71",,"683,57",,
GYB220331-3150-41125,AU,aq-one-time-pc-support,Support One Time PC Support,,,0,1-4-2022 2:02:00,,,No,No,,,,"96,86","52,16",,"149,02",,
GYB220331-3150-50104,AU,aq-one-time-pc-support,Support One Time PC Support,,,0,31-3-2022 12:24:00,,,No,No,,,,"149,01",0,,"149,01",,
GYB220331-8709-50130,US,aq-gyb-support-36-month-plan-hi,Support 36-month Plan,31-3-2022 0:00:00,31-3-2025 0:00:00,36,1-4-2022 1:09:00,,,No,No,,,,684,0,,684,,
GYB220331-9703-13148,US,aq-gyb-support-36-month-plan-hi,Support 36-month Plan,31-3-2022 0:00:00,11-5-2022 0:00:00,36,31-3-2022 23:16:00,11-5-2022 10:53:00,,Yes,No,,,,"547,2","136,8",,684,"547,2",
GYB220331-9703-29106,US,aq-gyb-support-6-month-plan,Support 6-month plan,31-3-2022 0:00:00,30-10-2022 0:00:00,1,31-3-2022 20:19:00,,30-9-2022 13:06:00,No,No,Rodger,Call,AQ_9,144,48,1,192,,"19,95"
GYB220331-9703-51187,US,aq-gyb-support-12-month-plan-hi,Support 12-month Plan,31-3-2022 0:00:00,9-5-2022 0:00:00,12,1-4-2022 2:01:00,9-5-2022 13:30:00,,Yes,No,,,,432,0,,432,432,
GYB220401-2793-55124,US,aq-one-time-pc-support,Support One Time PC Support,,,0,1-4-2022 23:25:00,,,No,No,,,,149,0,,149,,
GYB220401-3245-91126,AU,aq-gyb-support-12-month-plan,Support 12-month plan,1-4-2022 0:00:00,1-4-2023 0:00:00,12,1-4-2022 7:06:00,,,No,No,,,,"235,4","100,88",,"336,28",,
GYB220401-8709-29128,AU,aq-gyb-support-12-month-plan,Support 12-month plan,1-4-2022 0:00:00,8-7-2023 0:00:00,1,1-4-2022 3:33:00,,1-6-2023 14:57:00,No,No,Rodger,Call,AQ_7,"235,4","100,88",3,"336,28",,"53,78"
GYB220402-3245-21126,US,aq-one-time-pc-support,Support One Time PC Support,,,0,2-4-2022 15:36:00,,,No,No,Jackie,Call,AQ_9,"74,5","74,5",,149,,
GYB220402-8709-30113,US,aq-gyb-support-12-month-plan-hi,Support 12-month Plan,2-4-2022 0:00:00,9-4-2023 0:00:00,1,2-4-2022 23:50:00,,,No,No,,,,"345,6","86,4",,432,,
GYB220402-8709-67143,CA,aq-one-time-pc-support,Support One Time PC Support,,,0,3-4-2022 1:19:00,,,No,No,David,Call,AQ_1,"74,47","74,47",,"148,94",,
GYB220403-2793-67119,NZ,aq-gyb-support-36-month-plan-hi,Support 36-month Plan,3-4-2022 0:00:00,,36,4-4-2022 1:30:00,,,No,No,Jules,Chat,AQ_9,"683,97",0,,"683,97",,
GYB220403-3150-68119,US,aq-gyb-support-3-month-plan-lo,Support 3-month Plan,3-4-2022 0:00:00,3-7-2022 0:00:00,3,3-4-2022 8:37:00,,,No,No,Keira,Chat,AQ_21,"159,2","39,8",,199,,
GYB220403-7323-11118,US,aq-gyb-support-24-month-plan-hi,Support 24-month Plan,3-4-2022 0:00:00,,24,3-4-2022 21:31:00,,,No,No,Megan,Chat,PDFSuite.CTA,"403,2","172,8",,576,,
GYB220403-7323-58148,PA,aq-gyb-support-6-month-plan-lo,Support 6-month Plan,3-4-2022 0:00:00,,1,4-4-2022 0:02:00,,3-10-2023 11:13:00,No,No,Jules,Chat,AQ_9,"199,2","49,8",13,249,,"259,35"
GYB220404-2793-83123,US,aq-one-time-pc-support,Support One Time PC Support,,,0,5-4-2022 1:21:00,,,No,No,Rinna,Chat,AQ_9,149,0,,149,,
GYB220404-2833-39114,CA,aq-gyb-support-3-month-plan-lo,Support 3-month Plan,4-4-2022 0:00:00,4-7-2022 0:00:00,3,4-4-2022 10:42:00,,,No,No,Keira,Chat,AQ_21,"199,03",0,,"199,03",,
GYB220404-3153-26121,US,aq-gyb-support-6-month-plan-lo,Support 6-month Plan,4-4-2022 0:00:00,3-11-2022 0:00:00,1,4-4-2022 7:09:00,,4-10-2022 13:40:00,No,No,Jules,Chat,AQ_9,"199,2","49,8",1,249,,"19,95"
GYB220404-9703-12140,US,aq-gyb-support-12-month-plan-hi,Support 12-month Plan,4-4-2022 0:00:00,4-4-2023 0:00:00,12,4-4-2022 21:03:00,,,No,No,,,,"345,6","86,4",,432,,
GYB220405-2833-49117,US,aq-gyb-support-12-month-plan-hi,Support 12-month Plan,5-4-2022 0:00:00,,1,5-4-2022 17:12:00,,5-10-2023 12:39:00,No,No,Rinna,Chat,AQ_9,432,0,7,432,,"139,65"
GYB220405-3245-15115,US,aq-gyb-support-24-month-plan-hi,Support 24-month Plan,5-4-2022 0:00:00,,24,6-4-2022 2:26:00,,,No,No,Megan,Chat,PDFSuite.CTA,576,0,,576,,
GYB220405-7323-63105,US,aq-gyb-support-12-month-plan-hi,Support 12-month Plan,5-4-2022 0:00:00,5-7-2023 0:00:00,1,5-4-2022 20:23:00,,5-6-2023 11:34:00,No,No,,,,432,0,3,432,,"59,85"
GYB220406-2793-14113,US,aq-gyb-support-3-month-plan-lo,Support 3-month Plan,6-4-2022 0:00:00,12-6-2022 0:00:00,3,6-4-2022 20:08:00,,,No,No,Keira,Chat,AQ_21,199,0,,199,,
GYB220406-2793-69125,US,aq-gyb-support-single-monthly,Support Single Device Monthly Subscription,6-4-2022 0:00:00,8-5-2022 0:00:00,1,6-4-2022 20:43:00,,,No,No,,,,"49,5","49,5",,99,,
GYB220406-3245-92115,US,aq-gyb-support-24-month-plan-hi,Support 24-month Plan,6-4-2022 0:00:00,,24,6-4-2022 18:40:00,,,No,No,Megan,Chat,PDFSuite.CTA,576,0,,576,,
GYB220406-3245-93139,US,aq-gyb-support-6-month-plan-lo,Support 6-month Plan,6-4-2022 0:00:00,14-12-2022 0:00:00,1,7-4-2022 1:54:00,,6-12-2022 13:49:00,No,No,David,Call,AQ_9,"199,2","49,8",3,249,,"59,85"
GYB220407-2833-33148,US,aq-gyb-support-12-month-plan-hi,Support 12-month Plan,7-4-2022 0:00:00,7-5-2023 0:00:00,1,7-4-2022 20:38:00,27-4-2022 11:05:00,7-4-2023 13:32:00,No,Yes,,,,432,0,1,432,333,"19,95"
GYB220407-2833-71118,US,aq-gyb-support-24-month-plan-hi,Support 24-month Plan,7-4-2022 0:00:00,,24,7-4-2022 20:05:00,,,No,No,Rodger,Call,AQ_9,576,0,,576,,
GYB220407-3150-18113,US,aq-gyb-support-36-month-plan,Support 36-month plan,7-4-2022 0:00:00,,36,7-4-2022 18:02:00,,,No,No,Rodger,Call,AQ_9,576,0,,576,,
GYB220407-3245-93123,CA,aq-gyb-support-6-month-plan,Support 6-month plan,7-4-2022 0:00:00,14-1-2023 0:00:00,1,7-4-2022 5:47:00,,8-12-2022 15:07:00,No,No,Rodger,Call,AQ_1,"191,96",0,3,"191,96",,"55,24"
GYB220407-9368-20128,US,aq-gyb-support-single-monthly,Support Single Device Monthly Subscription,7-4-2022 0:00:00,14-6-2022 0:00:00,1,8-4-2022 2:11:00,,7-5-2022 14:17:00,No,No,,,,99,0,1,99,,"19,95"
